-- phpMyAdmin SQL Dump
-- version 5.2.2
-- https://www.phpmyadmin.net/
--
-- Host: localhost:3306
-- Generation Time: Sep 30, 2025 at 07:23 AM
-- Server version: 8.0.39-cll-lve
-- PHP Version: 8.4.11

SET SQL_MODE = "NO_AUTO_VALUE_ON_ZERO";
START TRANSACTION;
SET time_zone = "+00:00";


/*!40101 SET @OLD_CHARACTER_SET_CLIENT=@@CHARACTER_SET_CLIENT */;
/*!40101 SET @OLD_CHARACTER_SET_RESULTS=@@CHARACTER_SET_RESULTS */;
/*!40101 SET @OLD_COLLATION_CONNECTION=@@COLLATION_CONNECTION */;
/*!40101 SET NAMES utf8mb4 */;

--
-- Database: `bylinelm_resources_db`
--

-- --------------------------------------------------------

--
-- Table structure for table `activity_logs`
--

CREATE TABLE `activity_logs` (
  `log_id` int NOT NULL,
  `user_id` int DEFAULT NULL,
  `action` varchar(50) NOT NULL,
  `resource_id` int DEFAULT NULL,
  `details` json DEFAULT NULL,
  `ip_address` varchar(45) DEFAULT NULL,
  `user_agent` text,
  `created_at` datetime DEFAULT CURRENT_TIMESTAMP
) ENGINE=InnoDB DEFAULT CHARSET=utf8mb4 COLLATE=utf8mb4_0900_ai_ci;

--
-- Dumping data for table `activity_logs`
--

INSERT INTO `activity_logs` (`log_id`, `user_id`, `action`, `resource_id`, `details`, `ip_address`, `user_agent`, `created_at`) VALUES
(1, 1, 'USER_LOGIN', NULL, '{\"role\": \"admin\", \"email\": \"admin@resources.com\"}', '127.0.0.1', NULL, '2025-08-20 05:25:07'),
(2, 1, 'USER_LOGIN', NULL, '{\"role\": \"admin\", \"email\": \"admin@resources.com\"}', '127.0.0.1', NULL, '2025-08-20 05:33:57'),
(3, 57, 'USER_LOGIN', NULL, '{\"role\": \"admin\", \"email\": \"info@bylinelearning.com\"}', '127.0.0.1', NULL, '2025-08-20 06:06:26'),
(4, 57, 'ADMIN_CREATE_SCHOOL', NULL, '{\"email\": \"school@test.com\", \"organization\": \"Test School\", \"createdUserId\": 59}', '127.0.0.1', NULL, '2025-08-20 06:07:39'),
(5, NULL, 'USER_LOGIN', NULL, '{\"role\": \"school\", \"email\": \"school@test.com\"}', '127.0.0.1', NULL, '2025-08-20 06:51:28'),
(6, 1, 'USER_LOGIN', NULL, '{\"role\": \"admin\", \"email\": \"admin@resources.com\"}', '127.0.0.1', NULL, '2025-08-20 06:55:04'),
(7, 1, 'USER_LOGIN', NULL, '{\"role\": \"admin\", \"email\": \"admin@resources.com\"}', '127.0.0.1', NULL, '2025-08-20 14:58:39'),
(8, 1, 'USER_LOGIN', NULL, '{\"role\": \"admin\", \"email\": \"admin@resources.com\"}', '127.0.0.1', NULL, '2025-08-20 14:59:39'),
(9, 1, 'ADMIN_CREATE_SCHOOL', NULL, '{\"email\": \"school@school.com\", \"organization\": \"School One\", \"createdUserId\": 61}', '127.0.0.1', NULL, '2025-08-20 15:01:05'),
(10, 61, 'USER_LOGIN', NULL, '{\"role\": \"school\", \"email\": \"school@school.com\"}', '127.0.0.1', NULL, '2025-08-20 15:01:17'),
(11, 1, 'USER_LOGIN', NULL, '{\"role\": \"admin\", \"email\": \"admin@resources.com\"}', '127.0.0.1', NULL, '2025-08-20 15:01:28'),
(12, 1, 'USER_LOGIN', NULL, '{\"role\": \"admin\", \"email\": \"admin@resources.com\"}', '127.0.0.1', NULL, '2025-08-20 22:25:37'),
(13, 1, 'ADMIN_CREATE_SCHOOL', NULL, '{\"email\": \"demoschool@resources.com\", \"organization\": \"Byline\", \"createdUserId\": 63}', '127.0.0.1', NULL, '2025-08-20 22:38:37'),
(14, NULL, 'USER_LOGIN', NULL, '{\"role\": \"school\", \"email\": \"demoschool@resources.com\"}', '127.0.0.1', NULL, '2025-08-20 22:49:13'),
(15, 1, 'USER_LOGIN', NULL, '{\"role\": \"admin\", \"email\": \"admin@resources.com\"}', '127.0.0.1', NULL, '2025-08-20 23:40:04'),
(16, 1, 'RESOURCE_CREATED', NULL, '{\"type\": \"published\", \"title\": \"test\"}', '127.0.0.1', NULL, '2025-08-21 00:31:57'),
(17, 1, 'USER_LOGIN', NULL, '{\"role\": \"admin\", \"email\": \"admin@resources.com\"}', '127.0.0.1', NULL, '2025-08-21 00:34:00'),
(18, 1, 'ADMIN_CREATE_SCHOOL', NULL, '{\"email\": \"school1@demo.com\", \"organization\": \"School 1\", \"createdUserId\": 66}', '127.0.0.1', NULL, '2025-08-21 00:34:56'),
(19, NULL, 'USER_LOGIN', NULL, '{\"role\": \"school\", \"email\": \"school1@demo.com\"}', '127.0.0.1', NULL, '2025-08-21 00:35:02'),
(20, NULL, 'RESOURCE_DOWNLOADED', NULL, '{\"title\": \"test\"}', '127.0.0.1', NULL, '2025-08-21 00:35:07'),
(21, 1, 'USER_LOGIN', NULL, '{\"role\": \"admin\", \"email\": \"admin@resources.com\"}', '127.0.0.1', NULL, '2025-08-21 00:36:33'),
(22, NULL, 'USER_LOGIN', NULL, '{\"role\": \"school\", \"email\": \"school1@demo.com\"}', '127.0.0.1', NULL, '2025-08-21 00:44:42'),
(23, NULL, 'RESOURCE_DOWNLOADED', NULL, '{\"title\": \"test\"}', '127.0.0.1', NULL, '2025-08-21 00:44:59'),
(24, 1, 'USER_LOGIN', NULL, '{\"role\": \"admin\", \"email\": \"admin@resources.com\"}', '127.0.0.1', NULL, '2025-08-21 01:35:56'),
(25, 57, 'USER_LOGIN', NULL, '{\"role\": \"admin\", \"email\": \"info@bylinelearning.com\"}', '127.0.0.1', NULL, '2025-08-21 03:48:37'),
(26, 1, 'USER_LOGIN', NULL, '{\"role\": \"admin\", \"email\": \"admin@resources.com\"}', '127.0.0.1', NULL, '2025-08-21 04:51:26'),
(27, 57, 'USER_LOGIN', NULL, '{\"role\": \"admin\", \"email\": \"info@bylinelearning.com\"}', '127.0.0.1', NULL, '2025-08-21 05:49:05'),
(28, 57, 'USER_LOGIN', NULL, '{\"role\": \"admin\", \"email\": \"info@bylinelearning.com\"}', '127.0.0.1', NULL, '2025-08-21 05:49:20'),
(29, 57, 'USER_LOGIN', NULL, '{\"role\": \"admin\", \"email\": \"info@bylinelearning.com\"}', '127.0.0.1', NULL, '2025-08-21 05:49:31'),
(30, 1, 'USER_LOGIN', NULL, '{\"role\": \"admin\", \"email\": \"admin@resources.com\"}', '127.0.0.1', NULL, '2025-08-21 06:11:38'),
(31, 1, 'RESOURCE_CREATED', NULL, '{\"type\": \"draft\", \"title\": \"Test Image\"}', '127.0.0.1', NULL, '2025-08-21 06:15:42'),
(32, 1, 'RESOURCE_CREATED', NULL, '{\"type\": \"published\", \"title\": \"Test Doc\"}', '127.0.0.1', NULL, '2025-08-21 06:18:13'),
(33, 57, 'USER_LOGIN', NULL, '{\"role\": \"admin\", \"email\": \"info@bylinelearning.com\"}', '127.0.0.1', NULL, '2025-08-21 06:28:10'),
(34, NULL, 'USER_LOGIN', NULL, '{\"role\": \"school\", \"email\": \"school1@demo.com\"}', '127.0.0.1', NULL, '2025-08-21 06:31:49'),
(35, NULL, 'RESOURCE_DOWNLOADED', NULL, '{\"title\": \"Test Doc\"}', '127.0.0.1', NULL, '2025-08-21 06:32:23'),
(36, NULL, 'RESOURCE_DOWNLOADED', NULL, '{\"title\": \"test\"}', '127.0.0.1', NULL, '2025-08-21 06:32:28'),
(37, NULL, 'USER_LOGIN', NULL, '{\"role\": \"school\", \"email\": \"school1@demo.com\"}', '127.0.0.1', NULL, '2025-08-21 07:13:11'),
(38, 1, 'USER_LOGIN', NULL, '{\"role\": \"admin\", \"email\": \"admin@resources.com\"}', '127.0.0.1', NULL, '2025-08-21 07:15:41'),
(39, 1, 'RESOURCE_CREATED', NULL, '{\"type\": \"published\", \"title\": \"Sample resource\"}', '127.0.0.1', NULL, '2025-08-21 07:16:53'),
(40, NULL, 'USER_LOGIN', NULL, '{\"role\": \"school\", \"email\": \"school1@demo.com\"}', '127.0.0.1', NULL, '2025-08-21 07:18:20'),
(41, 1, 'USER_LOGIN', NULL, '{\"role\": \"admin\", \"email\": \"admin@resources.com\"}', '127.0.0.1', NULL, '2025-08-21 23:42:42'),
(42, NULL, 'USER_LOGIN', NULL, '{\"role\": \"school\", \"email\": \"school1@demo.com\"}', '127.0.0.1', NULL, '2025-08-21 23:43:11'),
(43, NULL, 'RESOURCE_DOWNLOADED', NULL, '{\"title\": \"Sample resource\"}', '127.0.0.1', NULL, '2025-08-21 23:47:31'),
(44, 1, 'USER_LOGIN', NULL, '{\"role\": \"admin\", \"email\": \"admin@resources.com\"}', '127.0.0.1', NULL, '2025-08-22 03:50:32'),
(45, NULL, 'USER_LOGIN', NULL, '{\"role\": \"school\", \"email\": \"school1@demo.com\"}', '127.0.0.1', NULL, '2025-08-22 03:51:31'),
(46, NULL, 'RESOURCE_DOWNLOADED', NULL, '{\"title\": \"test\"}', '127.0.0.1', NULL, '2025-08-22 04:10:03'),
(47, NULL, 'RESOURCE_DOWNLOADED', NULL, '{\"title\": \"test\"}', '127.0.0.1', NULL, '2025-08-22 04:10:07'),
(48, NULL, 'RESOURCE_DOWNLOADED', NULL, '{\"title\": \"Sample resource\"}', '127.0.0.1', NULL, '2025-08-22 04:10:23'),
(49, NULL, 'RESOURCE_DOWNLOADED', NULL, '{\"title\": \"Test Doc\"}', '127.0.0.1', NULL, '2025-08-22 04:10:43'),
(50, NULL, 'RESOURCE_DOWNLOADED', NULL, '{\"title\": \"Test Doc\"}', '127.0.0.1', NULL, '2025-08-22 04:10:52'),
(51, NULL, 'RESOURCE_DOWNLOADED', NULL, '{\"title\": \"Test Doc\"}', '127.0.0.1', NULL, '2025-08-22 04:11:23'),
(52, 1, 'USER_LOGIN', NULL, '{\"role\": \"admin\", \"email\": \"admin@resources.com\"}', '127.0.0.1', NULL, '2025-08-22 04:14:00'),
(53, 1, 'RESOURCE_UPDATED', NULL, '{\"updatedFields\": {\"tags\": [\"949\"], \"title\": \"Test Image\", \"status\": \"published\", \"type_id\": \"368\", \"grade_id\": \"627\", \"subject_id\": \"434\", \"description\": \"test\"}}', '127.0.0.1', NULL, '2025-08-22 04:14:41'),
(54, NULL, 'USER_LOGIN', NULL, '{\"role\": \"school\", \"email\": \"school1@demo.com\"}', '127.0.0.1', NULL, '2025-08-22 04:16:42'),
(55, NULL, 'RESOURCE_DOWNLOADED', NULL, '{\"title\": \"Sample resource\"}', '127.0.0.1', NULL, '2025-08-22 04:24:47'),
(56, NULL, 'RESOURCE_DOWNLOADED', NULL, '{\"title\": \"Sample resource\"}', '127.0.0.1', NULL, '2025-08-22 04:24:52'),
(57, NULL, 'RESOURCE_DOWNLOADED', NULL, '{\"title\": \"Test Image\"}', '127.0.0.1', NULL, '2025-08-22 04:25:14'),
(58, NULL, 'RESOURCE_DOWNLOADED', NULL, '{\"title\": \"Test Image\"}', '127.0.0.1', NULL, '2025-08-22 04:25:21'),
(59, NULL, 'RESOURCE_DOWNLOADED', NULL, '{\"title\": \"Test Image\"}', '127.0.0.1', NULL, '2025-08-22 04:25:31'),
(60, NULL, 'RESOURCE_DOWNLOADED', NULL, '{\"title\": \"Test Image\"}', '127.0.0.1', NULL, '2025-08-22 04:25:31'),
(61, NULL, 'RESOURCE_DOWNLOADED', NULL, '{\"title\": \"Test Image\"}', '127.0.0.1', NULL, '2025-08-22 04:25:32'),
(62, NULL, 'RESOURCE_DOWNLOADED', NULL, '{\"title\": \"Test Image\"}', '127.0.0.1', NULL, '2025-08-22 04:25:32'),
(63, NULL, 'RESOURCE_DOWNLOADED', NULL, '{\"title\": \"Test Image\"}', '127.0.0.1', NULL, '2025-08-22 04:25:32'),
(64, NULL, 'RESOURCE_DOWNLOADED', NULL, '{\"title\": \"Test Image\"}', '127.0.0.1', NULL, '2025-08-22 04:25:35'),
(65, NULL, 'RESOURCE_DOWNLOADED', NULL, '{\"title\": \"Test Doc\"}', '127.0.0.1', NULL, '2025-08-22 04:25:40'),
(66, NULL, 'RESOURCE_DOWNLOADED', NULL, '{\"title\": \"test\"}', '127.0.0.1', NULL, '2025-08-22 04:25:44'),
(67, NULL, 'RESOURCE_DOWNLOADED', NULL, '{\"title\": \"test\"}', '127.0.0.1', NULL, '2025-08-22 04:26:31'),
(68, NULL, 'RESOURCE_DOWNLOADED', NULL, '{\"title\": \"test\"}', '127.0.0.1', NULL, '2025-08-22 04:28:12'),
(69, NULL, 'RESOURCE_DOWNLOADED', NULL, '{\"title\": \"Sample resource\"}', '127.0.0.1', NULL, '2025-08-22 04:33:49'),
(70, NULL, 'RESOURCE_DOWNLOADED', NULL, '{\"title\": \"Sample resource\"}', '127.0.0.1', NULL, '2025-08-22 04:33:57'),
(71, NULL, 'RESOURCE_DOWNLOADED', NULL, '{\"title\": \"Test Image\"}', '127.0.0.1', NULL, '2025-08-22 04:34:08'),
(72, NULL, 'RESOURCE_DOWNLOADED', NULL, '{\"title\": \"Sample resource\"}', '127.0.0.1', NULL, '2025-08-22 04:34:19'),
(73, NULL, 'RESOURCE_DOWNLOADED', NULL, '{\"title\": \"Sample resource\"}', '127.0.0.1', NULL, '2025-08-22 04:37:58'),
(74, NULL, 'RESOURCE_DOWNLOADED', NULL, '{\"title\": \"test\"}', '127.0.0.1', NULL, '2025-08-22 04:38:08'),
(75, NULL, 'RESOURCE_DOWNLOADED', NULL, '{\"title\": \"test\"}', '127.0.0.1', NULL, '2025-08-22 04:38:15'),
(76, NULL, 'RESOURCE_DOWNLOADED', NULL, '{\"title\": \"Sample resource\"}', '127.0.0.1', NULL, '2025-08-22 04:45:10'),
(77, NULL, 'RESOURCE_DOWNLOADED', NULL, '{\"title\": \"Test Image\"}', '127.0.0.1', NULL, '2025-08-22 04:45:21'),
(78, 1, 'USER_LOGIN', NULL, '{\"role\": \"admin\", \"email\": \"admin@resources.com\"}', '127.0.0.1', NULL, '2025-08-22 04:46:56'),
(79, NULL, 'USER_LOGIN', NULL, '{\"role\": \"school\", \"email\": \"school1@demo.com\"}', '127.0.0.1', NULL, '2025-08-22 04:47:44'),
(80, NULL, 'RESOURCE_DOWNLOADED', NULL, '{\"title\": \"Test Image\"}', '127.0.0.1', NULL, '2025-08-22 04:49:58'),
(81, NULL, 'RESOURCE_DOWNLOADED', NULL, '{\"title\": \"Test Image\"}', '127.0.0.1', NULL, '2025-08-22 04:49:59'),
(82, NULL, 'RESOURCE_DOWNLOADED', NULL, '{\"title\": \"Test Image\"}', '127.0.0.1', NULL, '2025-08-22 04:50:19'),
(83, NULL, 'RESOURCE_DOWNLOADED', NULL, '{\"title\": \"Test Image\"}', '127.0.0.1', NULL, '2025-08-22 04:50:20'),
(84, NULL, 'RESOURCE_DOWNLOADED', NULL, '{\"title\": \"Sample resource\"}', '127.0.0.1', NULL, '2025-08-22 04:51:21'),
(85, NULL, 'RESOURCE_DOWNLOADED', NULL, '{\"title\": \"Sample resource\"}', '127.0.0.1', NULL, '2025-08-22 04:51:22'),
(86, 1, 'USER_LOGIN', NULL, '{\"role\": \"admin\", \"email\": \"admin@resources.com\"}', '127.0.0.1', NULL, '2025-08-22 04:51:45'),
(87, 1, 'RESOURCE_CREATED', NULL, '{\"type\": \"published\", \"title\": \"Test\"}', '127.0.0.1', NULL, '2025-08-22 05:42:11'),
(88, 1, 'USER_LOGIN', NULL, '{\"role\": \"admin\", \"email\": \"admin@resources.com\"}', '127.0.0.1', NULL, '2025-08-22 06:00:38'),
(89, 1, 'USER_LOGIN', NULL, '{\"role\": \"admin\", \"email\": \"admin@resources.com\"}', '127.0.0.1', NULL, '2025-08-22 06:07:44'),
(90, NULL, 'USER_LOGIN', NULL, '{\"role\": \"school\", \"email\": \"school1@demo.com\"}', '127.0.0.1', NULL, '2025-08-22 06:10:49'),
(91, NULL, 'RESOURCE_DOWNLOADED', NULL, '{\"title\": \"test\"}', '127.0.0.1', NULL, '2025-08-22 06:11:00'),
(92, 1, 'USER_LOGIN', NULL, '{\"role\": \"admin\", \"email\": \"admin@resources.com\"}', '127.0.0.1', NULL, '2025-08-22 06:24:12'),
(93, 1, 'USER_LOGIN', NULL, '{\"role\": \"admin\", \"email\": \"admin@resources.com\"}', '127.0.0.1', NULL, '2025-08-22 06:29:17'),
(94, 57, 'USER_LOGIN', NULL, '{\"role\": \"admin\", \"email\": \"info@bylinelearning.com\"}', '127.0.0.1', NULL, '2025-08-22 23:11:47'),
(95, 57, 'ADMIN_CREATE_SCHOOL', NULL, '{\"email\": \"saudiinternational@gmail.com\", \"organization\": \"Saudi International School\", \"createdUserId\": 89}', '127.0.0.1', NULL, '2025-08-22 23:12:46'),
(96, 57, 'ADMIN_UPDATE_USER', NULL, '{\"targetUserId\": \"89\", \"updatedFields\": {\"name\": \"Saudi International School\", \"role\": \"school\", \"email\": \"saudiinternational@gmail.com\", \"phone\": \"\", \"status\": \"inactive\", \"address\": \"\", \"user_id\": 89, \"created_at\": \"2025-08-23T06:12:46.000Z\", \"updated_at\": \"2025-08-23T06:12:46.000Z\", \"designation\": \"Developer\", \"organization\": \"Saudi International School\"}}', '127.0.0.1', NULL, '2025-08-22 23:22:21'),
(97, 57, 'ADMIN_UPDATE_USER', NULL, '{\"targetUserId\": \"89\", \"updatedFields\": {\"name\": \"Saudi International School\", \"role\": \"school\", \"email\": \"saudiinternational@gmail.com\", \"phone\": \"\", \"status\": \"inactive\", \"address\": \"\", \"user_id\": 89, \"created_at\": \"2025-08-23T06:12:46.000Z\", \"updated_at\": \"2025-08-23T06:12:46.000Z\", \"designation\": \"developer\", \"organization\": \"Saudi International School\"}}', '127.0.0.1', NULL, '2025-08-22 23:22:35'),
(98, 57, 'ADMIN_UPDATE_USER', NULL, '{\"targetUserId\": \"89\", \"updatedFields\": {\"name\": \"Saudi International School\", \"role\": \"school\", \"email\": \"saudil@gmail.com\", \"phone\": \"\", \"status\": \"inactive\", \"address\": \"\", \"user_id\": 89, \"created_at\": \"2025-08-23T06:12:46.000Z\", \"updated_at\": \"2025-08-23T06:12:46.000Z\", \"designation\": \"developer\", \"organization\": \"Saudi International School\"}}', '127.0.0.1', NULL, '2025-08-22 23:22:53'),
(99, 57, 'ADMIN_DELETE_USER', NULL, '{\"targetUserId\": \"89\"}', '127.0.0.1', NULL, '2025-08-22 23:23:58'),
(100, 57, 'ADMIN_UPDATE_USER', NULL, '{\"targetUserId\": \"66\", \"updatedFields\": {\"name\": \"Manarat Al-madinah\", \"role\": \"school\", \"email\": \"school1@demo.com\", \"phone\": \"+966 50 123 4567\", \"status\": \"active\", \"address\": \"Al Mahzoor (Al‑Khalidiyah) neighborhood,\\nPrince Mohammad Bin Abdulaziz Street,\\nMadina, Saudi Arabia\", \"user_id\": 66, \"created_at\": \"2025-08-21T07:34:56.000Z\", \"updated_at\": \"2025-08-21T07:34:56.000Z\", \"designation\": \"Client\", \"organization\": \"School 1\"}}', '127.0.0.1', NULL, '2025-08-22 23:24:41'),
(101, 57, 'ADMIN_DELETE_USER', NULL, '{\"targetUserId\": \"63\"}', '127.0.0.1', NULL, '2025-08-22 23:25:04'),
(102, 57, 'ADMIN_DELETE_USER', NULL, '{\"targetUserId\": \"59\"}', '127.0.0.1', NULL, '2025-08-22 23:25:09'),
(103, 57, 'ADMIN_DELETE_USER', NULL, '{\"targetUserId\": \"9\"}', '127.0.0.1', NULL, '2025-08-22 23:25:16'),
(104, 57, 'ADMIN_DELETE_USER', NULL, '{\"targetUserId\": \"66\"}', '127.0.0.1', NULL, '2025-08-22 23:25:22'),
(105, 57, 'ADMIN_CREATE_SCHOOL', NULL, '{\"email\": \"saudiinternational@gmail.com\", \"organization\": \"Saudi International School\", \"createdUserId\": 90}', '127.0.0.1', NULL, '2025-08-22 23:26:05'),
(106, 57, 'ADMIN_DELETE_USER', NULL, '{\"targetUserId\": \"90\"}', '127.0.0.1', NULL, '2025-08-22 23:30:46'),
(107, 57, 'ADMIN_CREATE_SCHOOL', NULL, '{\"email\": \"saudiinternational@gmail.com\", \"organization\": \"School@123\", \"createdUserId\": 91}', '127.0.0.1', NULL, '2025-08-22 23:32:45'),
(108, 57, 'ADMIN_DELETE_USER', NULL, '{\"targetUserId\": \"91\"}', '127.0.0.1', NULL, '2025-08-22 23:33:12'),
(109, 1, 'USER_LOGIN', NULL, '{\"role\": \"admin\", \"email\": \"admin@resources.com\"}', '127.0.0.1', NULL, '2025-08-22 23:54:47'),
(110, 57, 'USER_LOGIN', NULL, '{\"role\": \"admin\", \"email\": \"info@bylinelearning.com\"}', '127.0.0.1', NULL, '2025-08-23 02:51:36'),
(111, NULL, 'RESOURCE_DOWNLOADED', NULL, '{\"title\": \"Test\"}', '127.0.0.1', NULL, '2025-08-23 02:54:23'),
(112, 57, 'USER_LOGIN', NULL, '{\"role\": \"admin\", \"email\": \"info@bylinelearning.com\"}', '127.0.0.1', NULL, '2025-08-23 06:20:51'),
(113, 1, 'ADMIN_UPDATE_USER', NULL, '{\"targetUserId\": \"1\", \"updatedFields\": {\"name\": \"System Admin\", \"role\": \"admin\", \"email\": \"admin@resources.com\", \"phone\": \"\", \"status\": \"active\", \"address\": \"address of admin 123\", \"user_id\": 1, \"designation\": \"Administrator\", \"organization\": \"System\"}}', '127.0.0.1', NULL, '2025-08-24 22:48:04'),
(114, 1, 'ADMIN_UPDATE_USER', NULL, '{\"targetUserId\": \"1\", \"updatedFields\": {\"name\": \"System Admin\", \"role\": \"admin\", \"email\": \"admin@resources.com\", \"phone\": \"\", \"status\": \"active\", \"address\": \"\", \"user_id\": 1, \"designation\": \"Administrator\", \"organization\": \"System\"}}', '127.0.0.1', NULL, '2025-08-24 22:48:12'),
(115, 1, 'USER_LOGIN', NULL, '{\"role\": \"admin\", \"email\": \"admin@resources.com\"}', '127.0.0.1', NULL, '2025-08-26 14:58:56'),
(116, 1, 'ADMIN_RESET_PASSWORD', NULL, '{\"targetUserId\": \"61\"}', '127.0.0.1', NULL, '2025-08-26 14:59:24'),
(117, 1, 'ADMIN_UPDATE_USER', NULL, '{\"targetUserId\": \"61\", \"updatedFields\": {\"name\": \"School one\", \"role\": \"school\", \"email\": \"school@school.com\", \"phone\": \"\", \"status\": \"active\", \"address\": \"\", \"user_id\": 61, \"created_at\": \"2025-08-20T22:01:05.000Z\", \"updated_at\": \"2025-08-20T22:01:05.000Z\", \"designation\": \"\", \"organization\": \"School One\"}}', '127.0.0.1', NULL, '2025-08-26 14:59:24'),
(118, 61, 'USER_LOGIN', NULL, '{\"role\": \"school\", \"email\": \"school@school.com\"}', '127.0.0.1', NULL, '2025-08-26 14:59:31'),
(119, 1, 'USER_LOGIN', NULL, '{\"role\": \"admin\", \"email\": \"admin@resources.com\"}', '127.0.0.1', NULL, '2025-08-26 15:00:31'),
(120, 61, 'USER_LOGIN', NULL, '{\"role\": \"school\", \"email\": \"school@school.com\"}', '127.0.0.1', NULL, '2025-08-26 15:03:11'),
(121, 1, 'USER_LOGIN', NULL, '{\"role\": \"admin\", \"email\": \"admin@resources.com\"}', '127.0.0.1', NULL, '2025-08-26 15:04:11'),
(122, 1, 'RESOURCE_CREATED', NULL, '{\"type\": \"published\", \"title\": \"Sample 101\"}', '127.0.0.1', NULL, '2025-08-26 15:05:18'),
(123, 61, 'USER_LOGIN', NULL, '{\"role\": \"school\", \"email\": \"school@school.com\"}', '127.0.0.1', NULL, '2025-08-26 15:05:44'),
(124, NULL, 'RESOURCE_DOWNLOADED', NULL, '{\"title\": \"Sample 101\"}', '127.0.0.1', NULL, '2025-08-26 15:06:11'),
(125, NULL, 'RESOURCE_DOWNLOADED', NULL, '{\"title\": \"Sample 101\"}', '127.0.0.1', NULL, '2025-08-26 15:06:16'),
(126, 1, 'USER_LOGIN', NULL, '{\"role\": \"admin\", \"email\": \"admin@resources.com\"}', '127.0.0.1', NULL, '2025-08-28 05:03:35'),
(127, NULL, 'RESOURCE_DOWNLOADED', NULL, '{\"title\": \"Test\"}', '127.0.0.1', NULL, '2025-08-28 05:07:05'),
(128, 1, 'USER_LOGIN', NULL, '{\"role\": \"admin\", \"email\": \"admin@resources.com\"}', '127.0.0.1', NULL, '2025-08-28 07:09:04'),
(129, 1, 'USER_LOGIN', NULL, '{\"role\": \"admin\", \"email\": \"admin@resources.com\"}', '127.0.0.1', NULL, '2025-08-28 07:20:32'),
(130, 1, 'USER_LOGIN', NULL, '{\"role\": \"admin\", \"email\": \"admin@resources.com\"}', '127.0.0.1', NULL, '2025-08-28 23:05:35'),
(131, 1, 'RESOURCE_CREATED', NULL, '{\"type\": \"draft\", \"title\": \"TRest\"}', '127.0.0.1', NULL, '2025-08-29 06:23:55'),
(132, 1, 'RESOURCE_DELETED', NULL, '{\"resourceId\": \"21\"}', '127.0.0.1', NULL, '2025-08-29 06:26:07'),
(133, 1, 'RESOURCE_DELETED', NULL, '{\"resourceId\": \"19\"}', '127.0.0.1', NULL, '2025-08-29 06:27:03'),
(134, 1, 'RESOURCE_DELETED', NULL, '{\"resourceId\": \"18\"}', '127.0.0.1', NULL, '2025-08-29 06:27:06'),
(135, 1, 'RESOURCE_DELETED', NULL, '{\"resourceId\": \"20\"}', '127.0.0.1', NULL, '2025-08-29 06:27:08'),
(136, 1, 'RESOURCE_DELETED', NULL, '{\"resourceId\": \"16\"}', '127.0.0.1', NULL, '2025-08-29 06:27:12'),
(137, 1, 'RESOURCE_DELETED', NULL, '{\"resourceId\": \"17\"}', '127.0.0.1', NULL, '2025-08-29 06:27:15'),
(138, 1, 'RESOURCE_DELETED', NULL, '{\"resourceId\": \"15\"}', '127.0.0.1', NULL, '2025-08-29 06:27:19'),
(139, 1, 'USER_LOGIN', NULL, '{\"role\": \"admin\", \"email\": \"admin@resources.com\"}', '127.0.0.1', NULL, '2025-08-29 06:32:38'),
(140, 1, 'RESOURCE_CREATED', 22, '{\"type\": \"draft\", \"title\": \"Lesson 1: My Neighborhood\"}', '127.0.0.1', NULL, '2025-08-29 06:40:01'),
(141, NULL, 'RESOURCE_DOWNLOADED', 22, '{\"title\": \"Lesson 1: My Neighborhood\"}', '127.0.0.1', NULL, '2025-08-29 06:41:14'),
(142, 1, 'RESOURCE_CREATED', 23, '{\"type\": \"draft\", \"title\": \"Lesson 2: My School and My Friends\"}', '127.0.0.1', NULL, '2025-08-29 06:48:32'),
(143, 1, 'RESOURCE_CREATED', 24, '{\"type\": \"draft\", \"title\": \"My Community Helpers\"}', '127.0.0.1', NULL, '2025-08-29 06:53:28'),
(144, 1, 'RESOURCE_UPDATED', 23, '{\"updatedFields\": {\"title\": \"L2: My School and My Friends\", \"status\": \"draft\", \"type_id\": \"366\", \"grade_id\": \"627\", \"subject_id\": \"436\", \"description\": \"<p>This \\\"My School and My Friends\\\" presentation helps students explore the importance of school, classroom spaces, rules, and friendship. It includes interactive activities such as drawing the school, role-playing rules, and creating a “Friendship Flower.” The resource promotes teamwork, kindness, and understanding of school life through engaging visuals and collaborative tasks.</p>\"}}', '127.0.0.1', NULL, '2025-08-29 06:55:06'),
(145, 1, 'USER_LOGIN', NULL, '{\"role\": \"admin\", \"email\": \"admin@resources.com\"}', '127.0.0.1', NULL, '2025-08-29 06:56:49'),
(146, 1, 'RESOURCE_UPDATED', 24, '{\"updatedFields\": {\"tags\": [\"951\"], \"title\": \"My Community Helpers\", \"status\": \"draft\", \"type_id\": \"366\", \"grade_id\": \"627\", \"subject_id\": \"436\", \"description\": \"<ul><li><p>This presentation on <strong>Community Helpers</strong> introduces students to important roles such as doctor, teacher, police, firefighter, sanitation worker, and construction worker.</p></li><li><p>Includes interactive activities: design your own helper badge, play a circle time game, and write a thank-you note.</p></li><li><p>Encourages values of gratitude, respect, and responsibility, while helping students understand how helpers keep communities safe and strong.</p></li></ul><p></p>\"}}', '127.0.0.1', NULL, '2025-08-29 06:57:23'),
(147, 61, 'USER_LOGIN', NULL, '{\"role\": \"school\", \"email\": \"school@school.com\"}', '127.0.0.1', NULL, '2025-08-29 06:58:43'),
(148, 1, 'RESOURCE_UPDATED', 22, '{\"updatedFields\": {\"tags\": [\"951\"], \"title\": \"L1: Family and Home\", \"status\": \"draft\", \"type_id\": \"366\", \"grade_id\": \"627\", \"subject_id\": \"436\", \"description\": \"<ul><li><p>This presentation on <strong>Family and Home</strong> introduces young learners to family roles, traditions, and the meaning of home.</p></li><li><p>Includes engaging activities: family tree drawing, sharing special traditions, and creating a home collage or picture.</p></li><li><p>Encourages interactive classroom discussions and reflection, concluding with a review and a class family song.</p></li></ul><p></p>\"}}', '127.0.0.1', NULL, '2025-08-29 06:59:27'),
(149, 1, 'RESOURCE_UPDATED', 22, '{\"updatedFields\": {\"tags\": [\"951\"], \"title\": \"L1: Family and Home\", \"status\": \"draft\", \"type_id\": \"366\", \"grade_id\": \"627\", \"subject_id\": \"436\", \"description\": \"<ul><li><p>This presentation on <strong>Family and Home</strong> introduces young learners to family roles, traditions, and the meaning of home.</p></li><li><p>Includes engaging activities: family tree drawing, sharing special traditions, and creating a home collage or picture.</p></li><li><p>Encourages interactive classroom discussions and reflection, concluding with a review and a class family song.</p></li></ul><p></p>\"}}', '127.0.0.1', NULL, '2025-08-29 06:59:41'),
(150, 1, 'RESOURCE_UPDATED', 23, '{\"updatedFields\": {\"tags\": [\"951\"], \"title\": \"L2: My School and My Friends\", \"status\": \"draft\", \"type_id\": \"366\", \"grade_id\": \"627\", \"subject_id\": \"436\", \"description\": \"<ul><li><p>This presentation on <strong>School and Friends</strong> helps students explore the importance of school, classroom spaces, rules, and friendship.</p></li><li><p>Includes interactive activities: drawing the school, role-playing school rules, and creating a “Friendship Flower.”</p></li><li><p>Promotes teamwork, kindness, and understanding of school life through engaging visuals and collaborative tasks.</p></li></ul><p></p>\"}}', '127.0.0.1', NULL, '2025-08-29 07:00:22'),
(151, 1, 'USER_LOGIN', NULL, '{\"role\": \"admin\", \"email\": \"admin@resources.com\"}', '127.0.0.1', NULL, '2025-08-29 07:07:27'),
(152, 1, 'USER_LOGIN', NULL, '{\"role\": \"admin\", \"email\": \"admin@resources.com\"}', '127.0.0.1', NULL, '2025-08-29 08:49:25'),
(153, 61, 'USER_LOGIN', NULL, '{\"role\": \"school\", \"email\": \"school@school.com\"}', '127.0.0.1', NULL, '2025-08-29 08:49:58'),
(154, 1, 'USER_LOGIN', NULL, '{\"role\": \"admin\", \"email\": \"admin@resources.com\"}', '127.0.0.1', NULL, '2025-08-29 08:50:12'),
(155, 1, 'RESOURCE_UPDATED', 23, '{\"updatedFields\": {\"tags\": [\"951\"], \"title\": \"L2: My School and My Friends\", \"status\": \"published\", \"type_id\": \"366\", \"grade_id\": \"627\", \"subject_id\": \"436\", \"description\": \"<ul><li><p>This presentation on <strong>School and Friends</strong> helps students explore the importance of school, classroom spaces, rules, and friendship.</p></li><li><p>Includes interactive activities: drawing the school, role-playing school rules, and creating a “Friendship Flower.”</p></li><li><p>Promotes teamwork, kindness, and understanding of school life through engaging visuals and collaborative tasks.</p></li></ul><p></p>\"}}', '127.0.0.1', NULL, '2025-08-29 08:51:07'),
(156, 1, 'RESOURCE_UPDATED', 23, '{\"updatedFields\": {\"tags\": [\"951\"], \"title\": \"L2: My School and My Friends\", \"status\": \"published\", \"type_id\": \"366\", \"grade_id\": \"627\", \"subject_id\": \"436\", \"description\": \"<ul><li><p>This presentation on <strong>School and Friends</strong> helps students explore the importance of school, classroom spaces, rules, and friendship.</p></li><li><p>Includes interactive activities: drawing the school, role-playing school rules, and creating a “Friendship Flower.”</p></li><li><p>Promotes teamwork, kindness, and understanding of school life through engaging visuals and collaborative tasks.</p></li></ul><p></p>\"}}', '127.0.0.1', NULL, '2025-08-29 08:51:19'),
(157, 1, 'RESOURCE_UPDATED', 22, '{\"updatedFields\": {\"tags\": [\"951\"], \"title\": \"L1: Family and Home\", \"status\": \"published\", \"type_id\": \"366\", \"grade_id\": \"627\", \"subject_id\": \"436\", \"description\": \"<ul><li><p>This presentation on <strong>Family and Home</strong> introduces young learners to family roles, traditions, and the meaning of home.</p></li><li><p>Includes engaging activities: family tree drawing, sharing special traditions, and creating a home collage or picture.</p></li><li><p>Encourages interactive classroom discussions and reflection, concluding with a review and a class family song.</p></li></ul><p></p>\"}}', '127.0.0.1', NULL, '2025-08-29 08:51:28'),
(158, 1, 'RESOURCE_UPDATED', 24, '{\"updatedFields\": {\"tags\": [\"951\"], \"title\": \"My Community Helpers\", \"status\": \"published\", \"type_id\": \"366\", \"grade_id\": \"627\", \"subject_id\": \"436\", \"description\": \"<ul><li><p>This presentation on <strong>Community Helpers</strong> introduces students to important roles such as doctor, teacher, police, firefighter, sanitation worker, and construction worker.</p></li><li><p>Includes interactive activities: design your own helper badge, play a circle time game, and write a thank-you note.</p></li><li><p>Encourages values of gratitude, respect, and responsibility, while helping students understand how helpers keep communities safe and strong.</p></li></ul><p></p>\"}}', '127.0.0.1', NULL, '2025-08-29 08:51:39'),
(159, 61, 'USER_LOGIN', NULL, '{\"role\": \"school\", \"email\": \"school@school.com\"}', '127.0.0.1', NULL, '2025-08-29 08:51:47'),
(160, 1, 'USER_LOGIN', NULL, '{\"role\": \"admin\", \"email\": \"admin@resources.com\"}', '127.0.0.1', NULL, '2025-08-29 08:52:02'),
(161, 1, 'RESOURCE_CREATED', NULL, '{\"type\": \"published\", \"title\": \"Sample PPT\"}', '127.0.0.1', NULL, '2025-08-29 08:53:38'),
(162, 1, 'RESOURCE_CREATED', NULL, '{\"type\": \"published\", \"title\": \"Sample PPT\"}', '127.0.0.1', NULL, '2025-08-29 08:54:01'),
(163, 1, 'USER_LOGIN', NULL, '{\"role\": \"admin\", \"email\": \"admin@resources.com\"}', '127.0.0.1', NULL, '2025-08-29 08:58:49'),
(164, 1, 'RESOURCE_UPDATED', 22, '{\"updatedFields\": {\"tags\": [\"951\"], \"title\": \"U1 L1: Family and Home\", \"status\": \"published\", \"type_id\": \"366\", \"grade_id\": \"627\", \"subject_id\": \"436\", \"description\": \"<ul><li><p>This presentation on <strong>Family and Home</strong> introduces young learners to family roles, traditions, and the meaning of home.</p></li><li><p>Includes engaging activities: family tree drawing, sharing special traditions, and creating a home collage or picture.</p></li><li><p>Encourages interactive classroom discussions and reflection, concluding with a review and a class family song.</p></li></ul><p></p>\"}}', '127.0.0.1', NULL, '2025-08-29 21:42:13'),
(165, 1, 'RESOURCE_UPDATED', 23, '{\"updatedFields\": {\"tags\": [\"951\"], \"title\": \"U1 L2: My School and My Friends\", \"status\": \"published\", \"type_id\": \"366\", \"grade_id\": \"627\", \"subject_id\": \"436\", \"description\": \"<ul><li><p>This presentation on <strong>School and Friends</strong> helps students explore the importance of school, classroom spaces, rules, and friendship.</p></li><li><p>Includes interactive activities: drawing the school, role-playing school rules, and creating a “Friendship Flower.”</p></li><li><p>Promotes teamwork, kindness, and understanding of school life through engaging visuals and collaborative tasks.</p></li></ul><p></p>\"}}', '127.0.0.1', NULL, '2025-08-29 21:42:25'),
(166, 1, 'RESOURCE_UPDATED', 24, '{\"updatedFields\": {\"tags\": [\"951\"], \"title\": \"U1 L3: My Community Helpers\", \"status\": \"published\", \"type_id\": \"366\", \"grade_id\": \"627\", \"subject_id\": \"436\", \"description\": \"<ul><li><p>This presentation on <strong>Community Helpers</strong> introduces students to important roles such as doctor, teacher, police, firefighter, sanitation worker, and construction worker.</p></li><li><p>Includes interactive activities: design your own helper badge, play a circle time game, and write a thank-you note.</p></li><li><p>Encourages values of gratitude, respect, and responsibility, while helping students understand how helpers keep communities safe and strong.</p></li></ul><p></p>\"}}', '127.0.0.1', NULL, '2025-08-29 21:42:42'),
(167, 1, 'RESOURCE_CREATED', 27, '{\"type\": \"draft\", \"title\": \"U2 L1: Our Country, Saudi Arabia\"}', '127.0.0.1', NULL, '2025-08-29 21:55:49'),
(168, 1, 'RESOURCE_UPDATED', 27, '{\"updatedFields\": {\"tags\": [\"952\", \"951\", \"965\"], \"title\": \"U2 L1: Our Country, Saudi Arabia\", \"status\": \"draft\", \"type_id\": \"366\", \"grade_id\": \"627\", \"subject_id\": \"436\", \"description\": \"<ul><li><p>This presentation on <strong>Saudi Arabia</strong> introduces students to the country’s history, leaders, land, neighbors, and major regions.</p></li><li><p>Includes interactive activities: locating Saudi Arabia on a map, sharing travel experiences, coloring the flag, and singing together.</p></li><li><p>Promotes national pride, respect, and love for the homeland through engaging classroom experiences.</p></li></ul><p></p>\"}}', '127.0.0.1', NULL, '2025-08-29 21:56:32'),
(169, 1, 'RESOURCE_UPDATED', 27, '{\"updatedFields\": {\"tags\": [\"951\", \"952\", \"965\", \"968\"], \"title\": \"U2 L1: Our Country, Saudi Arabia\", \"status\": \"draft\", \"type_id\": \"366\", \"grade_id\": \"627\", \"subject_id\": \"436\", \"description\": \"<ul><li><p>This presentation on <strong>Saudi Arabia</strong> introduces students to the country’s history, leaders, land, neighbors, and major regions.</p></li><li><p>Includes interactive activities: locating Saudi Arabia on a map, sharing travel experiences, coloring the flag, and singing together.</p></li><li><p>Promotes national pride, respect, and love for the homeland through engaging classroom experiences.</p></li></ul><p></p>\"}}', '127.0.0.1', NULL, '2025-08-29 21:57:58'),
(170, 1, 'RESOURCE_CREATED', 28, '{\"type\": \"draft\", \"title\": \"U2 L2: Saudi Arabia and Its People\"}', '127.0.0.1', NULL, '2025-08-29 22:33:12'),
(171, 1, 'RESOURCE_CREATED', 29, '{\"type\": \"draft\", \"title\": \"U2 L3: Saudi Heroes\"}', '127.0.0.1', NULL, '2025-08-29 22:52:27'),
(172, 1, 'RESOURCE_CREATED', 30, '{\"type\": \"draft\", \"title\": \"U3 L1: Landforms and Water\"}', '127.0.0.1', NULL, '2025-08-29 22:57:54'),
(173, 1, 'RESOURCE_CREATED', 31, '{\"type\": \"draft\", \"title\": \"U3 L2: Taking Care of Our World\"}', '127.0.0.1', NULL, '2025-08-29 22:58:58'),
(174, 1, 'RESOURCE_CREATED', 32, '{\"type\": \"draft\", \"title\": \"U4 L1: What We Need and What We Want\"}', '127.0.0.1', NULL, '2025-08-29 23:01:36'),
(175, 1, 'RESOURCE_CREATED', 33, '{\"type\": \"draft\", \"title\": \"U4 L2: Money and Fairness\"}', '127.0.0.1', NULL, '2025-08-29 23:02:51'),
(176, 1, 'RESOURCE_CREATED', 34, '{\"type\": \"draft\", \"title\": \"U4 L3: Sharing and Helping Others\"}', '127.0.0.1', NULL, '2025-08-29 23:03:44'),
(177, 1, 'RESOURCE_UPDATED', 22, '{\"updatedFields\": {\"tags\": [\"951\", \"952\", \"964\", \"971\"], \"title\": \"U1 L1: Family and Home\", \"status\": \"published\", \"type_id\": \"366\", \"grade_id\": \"627\", \"subject_id\": \"436\", \"description\": \"<ul><li><p>This presentation on <strong>Family and Home</strong> introduces young learners to family roles, traditions, and the meaning of home.</p></li><li><p>Includes engaging activities: family tree drawing, sharing special traditions, and creating a home collage or picture.</p></li><li><p>Encourages interactive classroom discussions and reflection, concluding with a review and a class family song.</p></li></ul><p></p>\"}}', '127.0.0.1', NULL, '2025-08-29 23:31:06'),
(178, 1, 'RESOURCE_UPDATED', 23, '{\"updatedFields\": {\"tags\": [\"951\", \"952\", \"964\"], \"title\": \"U1 L2: My School and My Friends\", \"status\": \"published\", \"type_id\": \"366\", \"grade_id\": \"627\", \"subject_id\": \"436\", \"description\": \"<ul><li><p>This presentation on <strong>School and Friends</strong> helps students explore the importance of school, classroom spaces, rules, and friendship.</p></li><li><p>Includes interactive activities: drawing the school, role-playing school rules, and creating a “Friendship Flower.”</p></li><li><p>Promotes teamwork, kindness, and understanding of school life through engaging visuals and collaborative tasks.</p></li></ul><p></p>\"}}', '127.0.0.1', NULL, '2025-08-29 23:31:29'),
(179, 1, 'RESOURCE_CREATED', 35, '{\"type\": \"draft\", \"title\": \"U1 L1: My Neighborhood and Community Helpers\"}', '127.0.0.1', NULL, '2025-08-29 23:34:21'),
(180, 1, 'RESOURCE_DELETED', NULL, '{\"resourceId\": \"25\"}', '127.0.0.1', NULL, '2025-08-29 23:34:30'),
(181, 1, 'RESOURCE_CREATED', 36, '{\"type\": \"draft\", \"title\": \"U1 L2: My City\"}', '127.0.0.1', NULL, '2025-08-29 23:35:48'),
(182, 1, 'USER_LOGIN', NULL, '{\"role\": \"admin\", \"email\": \"admin@resources.com\"}', '127.0.0.1', NULL, '2025-08-29 23:44:42'),
(183, 1, 'RESOURCE_CREATED', NULL, '{\"type\": \"draft\", \"title\": \"ppt test\"}', '127.0.0.1', NULL, '2025-08-29 23:45:31'),
(184, 1, 'RESOURCE_CREATED', NULL, '{\"type\": \"draft\", \"title\": \"test\"}', '127.0.0.1', NULL, '2025-08-29 23:47:01'),
(185, 1, 'RESOURCE_CREATED', 42, '{\"type\": \"draft\", \"title\": \"U1 L3: Important Places in Saudi Arabia\"}', '127.0.0.1', NULL, '2025-08-30 00:53:30'),
(186, 1, 'RESOURCE_CREATED', 43, '{\"type\": \"draft\", \"title\": \"U2 L1: The Flag of Saudi Arabia\"}', '127.0.0.1', NULL, '2025-08-30 00:54:45'),
(187, 1, 'RESOURCE_CREATED', 44, '{\"type\": \"draft\", \"title\": \"U2 L2: Saudi National Day\"}', '127.0.0.1', NULL, '2025-08-30 00:56:59'),
(188, 1, 'RESOURCE_CREATED', 45, '{\"type\": \"draft\", \"title\": \"U2 L3: Leaders of Saudi Arabia\"}', '127.0.0.1', NULL, '2025-08-30 00:58:35'),
(189, 61, 'USER_LOGIN', NULL, '{\"role\": \"school\", \"email\": \"school@school.com\"}', '127.0.0.1', NULL, '2025-08-30 01:20:56'),
(190, 1, 'USER_LOGIN', NULL, '{\"role\": \"admin\", \"email\": \"admin@resources.com\"}', '127.0.0.1', NULL, '2025-08-30 01:22:12'),
(191, 1, 'RESOURCE_CREATED', 46, '{\"type\": \"draft\", \"title\": \"U3 L1: Understanding the Land Around Us\"}', '127.0.0.1', NULL, '2025-08-30 01:22:18'),
(192, 1, 'RESOURCE_CREATED', 47, '{\"type\": \"draft\", \"title\": \"U3 L2: Weather and Seasons in Saudi Arabia\"}', '127.0.0.1', NULL, '2025-08-30 01:23:33'),
(193, 1, 'RESOURCE_CREATED', 48, '{\"type\": \"draft\", \"title\": \"U3 L3: Taking Care of Our Environment\"}', '127.0.0.1', NULL, '2025-08-30 01:24:40'),
(194, 1, 'RESOURCE_CREATED', 49, '{\"type\": \"draft\", \"title\": \"U4 L1: What Do We Need and What Do We Want?\"}', '127.0.0.1', NULL, '2025-08-30 01:25:28'),
(195, 1, 'RESOURCE_CREATED', 50, '{\"type\": \"draft\", \"title\": \"U4 L2: Helping Others in Need\"}', '127.0.0.1', NULL, '2025-08-30 01:26:12'),
(196, 1, 'RESOURCE_DELETED', NULL, '{\"resourceId\": \"26\"}', '127.0.0.1', NULL, '2025-08-30 01:26:32'),
(197, 1, 'RESOURCE_DELETED', NULL, '{\"resourceId\": \"40\"}', '127.0.0.1', NULL, '2025-08-30 01:26:35'),
(198, 1, 'RESOURCE_CREATED', 51, '{\"type\": \"draft\", \"title\": \"U1 L1: The Tapestry of Saudi Cultures\"}', '127.0.0.1', NULL, '2025-08-30 01:37:37'),
(199, 1, 'RESOURCE_CREATED', 52, '{\"type\": \"draft\", \"title\": \"U1 L2: Festivals and Traditions\"}', '127.0.0.1', NULL, '2025-08-30 01:39:14'),
(200, 1, 'RESOURCE_CREATED', 53, '{\"type\": \"draft\", \"title\": \"U1 L3: Contributions of Islamic Culture\"}', '127.0.0.1', NULL, '2025-08-30 01:40:48'),
(201, 1, 'RESOURCE_CREATED', 54, '{\"type\": \"draft\", \"title\": \"U2 L1: Exploring Our Land\"}', '127.0.0.1', NULL, '2025-08-30 01:46:00'),
(202, 1, 'RESOURCE_CREATED', 55, '{\"type\": \"draft\", \"title\": \"U2 L2: Water, Our Precious Resource\"}', '127.0.0.1', NULL, '2025-08-30 01:48:04'),
(203, 1, 'RESOURCE_CREATED', 56, '{\"type\": \"draft\", \"title\": \"U2 L3: Continents and Oceans\"}', '127.0.0.1', NULL, '2025-08-30 01:49:54'),
(204, 1, 'RESOURCE_CREATED', 57, '{\"type\": \"draft\", \"title\": \"U3 L1: What Is Government?\"}', '127.0.0.1', NULL, '2025-08-30 01:51:21'),
(205, 1, 'RESOURCE_CREATED', 58, '{\"type\": \"draft\", \"title\": \"U3 L2: Introduction to Economics\"}', '127.0.0.1', NULL, '2025-08-30 01:52:48'),
(206, 1, 'RESOURCE_CREATED', 59, '{\"type\": \"draft\", \"title\": \"U3 L3: Celebrating Our Diversity\"}', '127.0.0.1', NULL, '2025-08-30 01:55:29'),
(207, 1, 'RESOURCE_CREATED', 60, '{\"type\": \"draft\", \"title\": \"U1 L1: Saudi Arabia’s Historical Connections\"}', '127.0.0.1', NULL, '2025-08-30 01:58:01'),
(208, 1, 'RESOURCE_CREATED', 61, '{\"type\": \"draft\", \"title\": \"U1 L2: Global Geography and Saudi Arabia\"}', '127.0.0.1', NULL, '2025-08-30 01:59:30'),
(209, 1, 'RESOURCE_CREATED', 62, '{\"type\": \"draft\", \"title\": \"U1 L3: Governance and Global Cooperation\"}', '127.0.0.1', NULL, '2025-08-30 02:02:49'),
(210, 1, 'RESOURCE_CREATED', 63, '{\"type\": \"draft\", \"title\": \"U2 L1: Cultural Contributions\"}', '127.0.0.1', NULL, '2025-08-30 02:06:53'),
(211, 1, 'RESOURCE_CREATED', 64, '{\"type\": \"draft\", \"title\": \"U2 L2: Trade and Economic Contributions\"}', '127.0.0.1', NULL, '2025-08-30 02:08:47'),
(212, 1, 'RESOURCE_CREATED', 65, '{\"type\": \"draft\", \"title\": \"U2 L3: Vision 2030 and the Future\"}', '127.0.0.1', NULL, '2025-08-30 02:10:55'),
(213, 1, 'RESOURCE_CREATED', 66, '{\"type\": \"draft\", \"title\": \"U3 L1: What Is Global Citizenship?\"}', '127.0.0.1', NULL, '2025-08-30 02:38:29'),
(214, 1, 'RESOURCE_CREATED', 67, '{\"type\": \"draft\", \"title\": \"U3 L2: Saudi Arabia in the Global Community\"}', '127.0.0.1', NULL, '2025-08-30 02:40:53'),
(215, 1, 'RESOURCE_CREATED', 68, '{\"type\": \"draft\", \"title\": \"U3 L3: Connecting with the World\"}', '127.0.0.1', NULL, '2025-08-30 02:43:07'),
(216, 1, 'RESOURCE_CREATED', 69, '{\"type\": \"draft\", \"title\": \"U1 L1: Mesopotamia – The Cradle of Civilization\"}', '127.0.0.1', NULL, '2025-08-30 02:45:10'),
(217, 1, 'RESOURCE_CREATED', 70, '{\"type\": \"draft\", \"title\": \"U1 L2: Ancient Egypt – Life Along the Nile\"}', '127.0.0.1', NULL, '2025-08-30 02:46:50'),
(218, 1, 'RESOURCE_CREATED', 71, '{\"type\": \"draft\", \"title\": \"U1 L3: Ancient Trade and Cultural Exchanges\"}', '127.0.0.1', NULL, '2025-08-30 02:49:35'),
(219, 1, 'RESOURCE_CREATED', 72, '{\"type\": \"draft\", \"title\": \"U2 L1: The Indus Valley – Urban Planning and Trade\"}', '127.0.0.1', NULL, '2025-08-30 02:51:47'),
(220, 1, 'RESOURCE_CREATED', 73, '{\"type\": \"draft\", \"title\": \"U2 L2: Ancient China – Inventions and Economic Growth\"}', '127.0.0.1', NULL, '2025-08-30 02:53:41'),
(221, 1, 'RESOURCE_CREATED', 74, '{\"type\": \"draft\", \"title\": \"U3 L1: Government and Society in Early Empires\"}', '127.0.0.1', NULL, '2025-08-30 02:55:41'),
(222, 1, 'RESOURCE_CREATED', 75, '{\"type\": \"draft\", \"title\": \"U3 L2: Cultural Exchange and Influence Between Civilizations\"}', '127.0.0.1', NULL, '2025-08-30 03:04:02'),
(223, 1, 'RESOURCE_CREATED', 76, '{\"type\": \"draft\", \"title\": \"U4 L1: Mountains, Rivers, and Deserts\"}', '127.0.0.1', NULL, '2025-08-30 03:05:38'),
(224, 1, 'RESOURCE_CREATED', 77, '{\"type\": \"draft\", \"title\": \"U4 L2: Human-Environment Interaction\"}', '127.0.0.1', NULL, '2025-08-30 03:06:47'),
(225, 1, 'RESOURCE_CREATED', 78, '{\"type\": \"draft\", \"title\": \"U1 L1: The Greek and Roman Empires\"}', '127.0.0.1', NULL, '2025-08-30 03:30:39'),
(226, 1, 'RESOURCE_CREATED', 79, '{\"type\": \"draft\", \"title\": \"U1 L2: The Islamic Golden Age\"}', '127.0.0.1', NULL, '2025-08-30 03:35:28'),
(227, 1, 'RESOURCE_CREATED', 80, '{\"type\": \"draft\", \"title\": \"U1 L3: African Kingdoms – Ghana, Mali, and Songhai\"}', '127.0.0.1', NULL, '2025-08-30 03:37:44'),
(228, 1, 'RESOURCE_CREATED', 82, '{\"type\": \"draft\", \"title\": \"U2 L1: Feudalism and Monarchy in Europe\"}', '127.0.0.1', NULL, '2025-08-30 03:40:40'),
(229, 1, 'RESOURCE_CREATED', 83, '{\"type\": \"draft\", \"title\": \"U2 L2: The Magna Carta and Its Legacy\"}', '127.0.0.1', NULL, '2025-08-30 03:43:14'),
(230, 1, 'RESOURCE_CREATED', 84, '{\"type\": \"draft\", \"title\": \"U3 L1: The Silk Road and Global Trade\"}', '127.0.0.1', NULL, '2025-08-30 03:51:12'),
(231, 1, 'RESOURCE_CREATED', 85, '{\"type\": \"draft\", \"title\": \"U3 L2: Mercantilism and the Age of Exploration\"}', '127.0.0.1', NULL, '2025-08-30 03:57:28'),
(232, 1, 'RESOURCE_CREATED', 86, '{\"type\": \"draft\", \"title\": \"U4 L1: The Geography of Natural Resources\"}', '127.0.0.1', NULL, '2025-08-30 04:02:09'),
(233, 1, 'RESOURCE_CREATED', 87, '{\"type\": \"draft\", \"title\": \"U4 L2: Human Adaptation and Modification in Different Environments\"}', '127.0.0.1', NULL, '2025-08-30 04:03:33'),
(234, 1, 'RESOURCE_CREATED', 88, '{\"type\": \"draft\", \"title\": \"U1 L1: The Persian Empire\"}', '127.0.0.1', NULL, '2025-08-30 04:26:54'),
(235, 1, 'RESOURCE_CREATED', 89, '{\"type\": \"draft\", \"title\": \"U1 L2: The Roman Empire\"}', '127.0.0.1', NULL, '2025-08-30 04:29:11'),
(236, 1, 'RESOURCE_CREATED', 90, '{\"type\": \"draft\", \"title\": \"U1 L3: The Ottoman Empire\"}', '127.0.0.1', NULL, '2025-08-30 04:31:46'),
(237, 1, 'RESOURCE_CREATED', 91, '{\"type\": \"draft\", \"title\": \"U2 L1: Migration Patterns and Cultural Diffusion\"}', '127.0.0.1', NULL, '2025-08-30 04:34:02'),
(238, 1, 'RESOURCE_CREATED', 92, '{\"type\": \"draft\", \"title\": \"U2 L2: Urbanization and the Growth of Cities\"}', '127.0.0.1', NULL, '2025-08-30 04:36:58'),
(239, 1, 'RESOURCE_CREATED', 93, '{\"type\": \"draft\", \"title\": \"U3 L1: Forms of Government\"}', '127.0.0.1', NULL, '2025-08-30 04:40:07'),
(240, 1, 'RESOURCE_CREATED', 94, '{\"type\": \"draft\", \"title\": \"U3 L2: The Role of International Organizations\"}', '127.0.0.1', NULL, '2025-08-30 04:45:09'),
(241, 1, 'RESOURCE_CREATED', 95, '{\"type\": \"draft\", \"title\": \"U4 L1: Distribution of Natural Resources\"}', '127.0.0.1', NULL, '2025-08-30 04:47:42'),
(242, 1, 'RESOURCE_CREATED', 96, '{\"type\": \"draft\", \"title\": \"U4 L2: Saudi Arabia’s Role in the Global Economy\"}', '127.0.0.1', NULL, '2025-08-30 04:57:52'),
(243, 1, 'RESOURCE_CREATED', 97, '{\"type\": \"draft\", \"title\": \"U5 L1: Cultural Interactions and Influences\"}', '127.0.0.1', NULL, '2025-08-30 05:00:29'),
(244, 1, 'RESOURCE_CREATED', 98, '{\"type\": \"draft\", \"title\": \"U5 L2: Leadership and Responsibility in a Global Context\"}', '127.0.0.1', NULL, '2025-08-30 05:04:46'),
(245, 1, 'RESOURCE_CREATED', 99, '{\"type\": \"draft\", \"title\": \"U1 L1: World War I and the Changing World Order\"}', '127.0.0.1', NULL, '2025-08-30 05:23:34'),
(246, 1, 'RESOURCE_CREATED', 100, '{\"type\": \"draft\", \"title\": \"U1 L2: The Interwar Period and National Movements\"}', '127.0.0.1', NULL, '2025-08-30 05:26:23'),
(247, 1, 'RESOURCE_CREATED', 101, '{\"type\": \"draft\", \"title\": \"U1 L3: World War II and Global Realignment\"}', '127.0.0.1', NULL, '2025-08-30 05:28:25'),
(248, 1, 'RESOURCE_CREATED', 102, '{\"type\": \"draft\", \"title\": \"U2 L1: Decolonization in the Middle East and Africa\"}', '127.0.0.1', NULL, '2025-08-30 05:30:18'),
(249, 1, 'RESOURCE_CREATED', 103, '{\"type\": \"draft\", \"title\": \"U2 L2: The Cold War and Regional Conflicts\"}', '127.0.0.1', NULL, '2025-08-30 05:32:41'),
(250, 1, 'RESOURCE_CREATED', 104, '{\"type\": \"draft\", \"title\": \"U3 L1: Understanding Climate Change\"}', '127.0.0.1', NULL, '2025-08-30 05:34:23'),
(251, 1, 'RESOURCE_CREATED', 105, '{\"type\": \"draft\", \"title\": \"U3 L2: Sustainable Development Goals (SDGs)\"}', '127.0.0.1', NULL, '2025-08-30 05:35:46'),
(252, 1, 'RESOURCE_CREATED', 106, '{\"type\": \"draft\", \"title\": \"U4 L1: Comparative Governance Systems\"}', '127.0.0.1', NULL, '2025-08-30 05:37:12'),
(253, 1, 'RESOURCE_CREATED', 108, '{\"type\": \"draft\", \"title\": \"U4 L2: Saudi Arabia’s Vision 2030\"}', '127.0.0.1', NULL, '2025-08-30 05:41:15'),
(254, 1, 'RESOURCE_CREATED', 109, '{\"type\": \"draft\", \"title\": \"U5 L1: International Trade and Organizations\"}', '127.0.0.1', NULL, '2025-08-30 05:48:11'),
(255, 1, 'USER_LOGIN', NULL, '{\"role\": \"admin\", \"email\": \"admin@resources.com\"}', '127.0.0.1', NULL, '2025-08-30 05:49:22'),
(256, 1, 'RESOURCE_UPDATED', 109, '{\"updatedFields\": {\"tags\": [\"959\", \"1101\", \"1155\", \"1154\", \"1092\", \"1089\", \"1005\", \"1156\"], \"title\": \"U5 L1: International Trade and Organizations\", \"status\": \"draft\", \"type_id\": \"366\", \"grade_id\": \"634\", \"subject_id\": \"436\", \"description\": \"<ul><li><p>Explains why countries trade—no nation produces everything it needs, so imports and exports connect economies.</p></li></ul><ul><li><p>Defines international trade and its benefits: wider products, economic growth, jobs, and stronger global ties.</p></li><li><p>Highlights Saudi Arabia’s trade role: exports (oil, plastics, chemicals) and imports (machinery, vehicles, electronics), with partners like China, Japan, the USA, and the UAE.</p></li><li><p>Introduces key trade organizations: WTO, GCC, and OPEC, showing how they regulate and support trade.</p></li><li><p>Activities: Trade Match game, Who’s Who in Trade matching, and Quick Quiz.</p></li></ul><p></p>\"}}', '127.0.0.1', NULL, '2025-08-30 05:50:16'),
(257, 1, 'RESOURCE_CREATED', NULL, '{\"type\": \"draft\", \"title\": \"Test\"}', '127.0.0.1', NULL, '2025-08-30 05:52:11'),
(258, 1, 'RESOURCE_CREATED', 111, '{\"type\": \"draft\", \"title\": \"U5 L2: Technology and Economic Development\"}', '127.0.0.1', NULL, '2025-08-30 05:52:27'),
(259, 1, 'RESOURCE_DELETED', NULL, '{\"resourceId\": \"110\"}', '127.0.0.1', NULL, '2025-08-30 05:54:05'),
(260, 1, 'RESOURCE_CREATED', 112, '{\"type\": \"draft\", \"title\": \"U6 L1: Environmental Stewardship and Responsibility\"}', '127.0.0.1', NULL, '2025-08-30 05:57:58'),
(261, 1, 'RESOURCE_CREATED', 113, '{\"type\": \"draft\", \"title\": \"U6 L2: The Role of Global Citizenship\"}', '127.0.0.1', NULL, '2025-08-30 06:03:32'),
(262, 1, 'RESOURCE_CREATED', 114, '{\"type\": \"draft\", \"title\": \"U1 L1: Introduction to Physical Geography\"}', '127.0.0.1', NULL, '2025-08-30 06:21:37'),
(263, 1, 'RESOURCE_CREATED', 115, '{\"type\": \"draft\", \"title\": \"U1 L2: Weather and Climate Basics\"}', '127.0.0.1', NULL, '2025-08-30 06:23:02'),
(264, 1, 'RESOURCE_CREATED', 116, '{\"type\": \"draft\", \"title\": \"U1 L3: Earth’s Water Systems\"}', '127.0.0.1', NULL, '2025-08-30 06:24:41'),
(265, 1, 'RESOURCE_CREATED', 117, '{\"type\": \"draft\", \"title\": \"U1 L4: Ecosystems and Biodiversity\"}', '127.0.0.1', NULL, '2025-08-30 06:26:45'),
(266, 1, 'USER_LOGIN', NULL, '{\"role\": \"admin\", \"email\": \"admin@resources.com\"}', '127.0.0.1', NULL, '2025-08-31 22:12:33'),
(267, 1, 'RESOURCE_UPDATED', 90, '{\"updatedFields\": {\"tags\": [\"951\", \"958\", \"964\", \"997\", \"1021\", \"1070\", \"1071\", \"1072\", \"1073\", \"1074\", \"1075\", \"1076\", \"1077\"], \"title\": \"U1 L3: The Ottoman Empire\", \"status\": \"draft\", \"type_id\": \"366\", \"grade_id\": \"633\", \"subject_id\": \"436\", \"description\": \"<ul><li><p>This presentation on the Ottoman Empire traces its rise under Osman I and Mehmed II with the conquest of Constantinople, and highlights Suleiman the Magnificent’s Golden Age of expansion, legal reforms, and cultural achievements by Mimar Sinan, poets, and artists.</p></li><li><p>Includes interactive activities: Ottoman Cultural Showcase, Tolerant City Map, Empire Mapping, and Millet System Role-Play.</p></li><li><p>Promotes understanding of governance through Islamic values of justice and mercy, the Millet System and Shariah–Kanun balance, and awareness of the empire’s decline after World War I and enduring legacy in modern Istanbul and regional culture.</p></li></ul><p></p>\"}}', '127.0.0.1', NULL, '2025-08-31 22:31:36');
INSERT INTO `activity_logs` (`log_id`, `user_id`, `action`, `resource_id`, `details`, `ip_address`, `user_agent`, `created_at`) VALUES
(268, 1, 'RESOURCE_UPDATED', 91, '{\"updatedFields\": {\"tags\": [\"951\", \"958\", \"965\", \"988\", \"1060\", \"1078\", \"1079\", \"1080\", \"1081\"], \"title\": \"U2 L1: Migration Patterns and Cultural Diffusion\", \"status\": \"draft\", \"type_id\": \"366\", \"grade_id\": \"633\", \"subject_id\": \"436\", \"description\": \"<ul><li><p>This presentation introduces migration, its types (internal and international), and key causes such as jobs, safety, education, and religious freedom.</p></li><li><p>Includes interactive activities: Migration Suitcase, Push–Pull Sorting Game, Cultural Welcome Poster, and Role-Play on migrant life.</p></li><li><p>Promotes understanding of push–pull factors, how migration leads to cultural diffusion through food, art, language, and traditions, and highlights Islamic perspectives on fairness, kindness, and hospitality with case studies of Gulf workers and the Prophet Muhammad’s (PBUH) migration to Madinah.</p></li></ul><p></p>\"}}', '127.0.0.1', NULL, '2025-08-31 22:31:54'),
(269, 1, 'RESOURCE_UPDATED', 92, '{\"updatedFields\": {\"tags\": [\"951\", \"958\", \"965\", \"1008\", \"1009\", \"1021\", \"1082\", \"1083\"], \"title\": \"U2 L2: Urbanization and the Growth of Cities\", \"status\": \"draft\", \"type_id\": \"366\", \"grade_id\": \"633\", \"subject_id\": \"436\", \"description\": \"<ul><li><p>This presentation explains the causes of urban growth, such as jobs, services, education, and infrastructure, and highlights historical Islamic cities like Makkah, Madinah, Baghdad, and Cairo as centers of trade, religion, and learning.</p></li><li><p>Includes interactive activities: Design Your Ideal Saudi City, City Challenges Role Play, “Build Back Better” Poster, and City Soundscape Writing.</p></li><li><p>Promotes awareness of the challenges of urbanization—traffic, housing, pollution, and resource pressure—while showcasing Saudi initiatives like Green Riyadh, NEOM, and new metro systems for sustainable city planning.</p></li></ul><p></p>\"}}', '127.0.0.1', NULL, '2025-08-31 22:32:18'),
(270, 1, 'RESOURCE_UPDATED', 93, '{\"updatedFields\": {\"tags\": [\"951\", \"958\", \"966\", \"984\", \"1040\", \"1048\", \"1084\", \"1085\", \"1086\"], \"title\": \"U3 L1: Forms of Government\", \"status\": \"draft\", \"type_id\": \"366\", \"grade_id\": \"633\", \"subject_id\": \"436\", \"description\": \"<ul><li><p>This presentation introduces monarchy, democracy, republic, and theocracy with examples and key features, explaining the strengths and challenges of each system, such as stability, equality, representation, and faith-based governance.</p></li></ul><ul><li><p>Includes interactive activities: Government Role Cards role-play, Design Your Own Government, Saudi Arabia’s Fact Map, and Reflection Journal “If I Were a Leader…”.</p></li><li><p>Promotes understanding of Saudi Arabia’s absolute monarchy rooted in Islam and tribal traditions, with the King as head of state and the Shura Council as an advisory body, while encouraging students to compare systems and reflect on leadership and values</p></li></ul><p></p>\"}}', '127.0.0.1', NULL, '2025-08-31 22:32:45'),
(271, 1, 'RESOURCE_UPDATED', 94, '{\"updatedFields\": {\"tags\": [\"958\", \"966\", \"1012\", \"1087\", \"1088\", \"1089\", \"1090\", \"1091\", \"1092\", \"1093\", \"1094\", \"1095\"], \"title\": \"U3 L2: The Role of International Organizations\", \"status\": \"draft\", \"type_id\": \"366\", \"grade_id\": \"633\", \"subject_id\": \"436\", \"description\": \"<ul><li><p>This presentation explains what international organizations are and how they address global issues such as peace, health, education, climate, and trade.</p></li></ul><ul><li><p>Includes interactive activities: Model UN Simulation, OIC Map Collaboration, Global Problem Solvers task, and Peace Through Cooperation poster.</p></li><li><p>Promotes awareness of the United Nations (UN), Organization of Islamic Cooperation (OIC), Gulf Cooperation Council (GCC), and other bodies such as the WHO, WTO, IMF, and the Arab League, while connecting to Islamic values of peace, fairness, and cooperation and highlighting Saudi Arabia’s active leadership role.</p></li></ul><p></p>\"}}', '127.0.0.1', NULL, '2025-08-31 22:33:00'),
(272, 1, 'RESOURCE_UPDATED', 95, '{\"updatedFields\": {\"tags\": [\"951\", \"958\", \"967\", \"1005\", \"1006\", \"1007\", \"1008\", \"1089\", \"1096\", \"1097\", \"1098\"], \"title\": \"U4 L1: Distribution of Natural Resources\", \"status\": \"draft\", \"type_id\": \"366\", \"grade_id\": \"633\", \"subject_id\": \"436\", \"description\": \"<ul><li><p>This presentation introduces different types of natural resources and explains the uneven global distribution caused by geology and climate.</p></li><li><p>Includes interactive activities: Resource Sorting Challenge, Mapping Saudi Arabia’s Resources, Debate on Ownership, and Reflection on Resource Fairness.</p></li><li><p>Promotes understanding of oil, mineral, and water distribution worldwide, with a focus on Saudi Arabia’s oil, gas, minerals, and freshwater challenges, while highlighting global alliances such as OPEC, GCC, UNEP, and OIC, and connecting to Islamic values of avoiding waste (Israf) and stewardship (Khilafah) within Saudi Vision 2030’s sustainability goals.</p></li></ul><p></p>\"}}', '127.0.0.1', NULL, '2025-08-31 22:33:23'),
(273, 1, 'RESOURCE_UPDATED', 96, '{\"updatedFields\": {\"tags\": [\"951\", \"958\", \"967\", \"1005\", \"1006\", \"1007\", \"1008\", \"1009\", \"1013\", \"1099\", \"1100\"], \"title\": \"U4 L2: Saudi Arabia’s Role in the Global Economy\", \"status\": \"draft\", \"type_id\": \"366\", \"grade_id\": \"633\", \"subject_id\": \"436\", \"description\": \"<ul><li><p>This presentation explains how the 1938 discovery of oil in Dhahran transformed Saudi Arabia into a global economic power, highlighting economic growth through industrial cities like Jubail and Yanbu, modern infrastructure, and expanded education and healthcare.</p></li></ul><ul><li><p>Includes interactive activities: Timeline Challenge, Stewardship Debate, Vision 2030 Role Cards, and Design a Green City.</p></li><li><p>Promotes understanding of Saudi Arabia’s influence through OPEC, global partnerships, and events like the 1973 oil crisis, while connecting stewardship and sustainability with Vision 2030’s goals for a vibrant society, thriving economy, and ambitious nation, and featuring major projects such as NEOM, the Red Sea Project, and the Saudi Green Initiative.</p></li></ul><p></p>\"}}', '127.0.0.1', NULL, '2025-08-31 22:33:48'),
(274, 1, 'RESOURCE_UPDATED', 97, '{\"updatedFields\": {\"tags\": [\"958\", \"988\", \"995\", \"1041\", \"1101\", \"1102\"], \"title\": \"U5 L1: Cultural Interactions and Influences\", \"status\": \"draft\", \"type_id\": \"366\", \"grade_id\": \"633\", \"subject_id\": \"436\", \"description\": \"<ul><li><p>This presentation defines cultural exchange through trade, migration, travel, and technology, emphasizing its role in building connections and innovation.</p></li><li><p>Includes interactive activities: Golden Age Role Cards, Culture Web, Globalization Debate, and Preserving My Culture Action Plan.</p></li><li><p>Promotes appreciation of the Islamic Golden Age, awareness of globalization’s benefits and challenges, and the importance of balancing global connections with cultural preservation.</p></li></ul><p></p>\"}}', '127.0.0.1', NULL, '2025-08-31 22:34:03'),
(275, 1, 'RESOURCE_UPDATED', 98, '{\"updatedFields\": {\"tags\": [\"958\", \"985\", \"1012\", \"1101\", \"1103\", \"1104\", \"1105\", \"1106\", \"1107\"], \"title\": \"U5 L2: Leadership and Responsibility in a Global Context\", \"status\": \"draft\", \"type_id\": \"366\", \"grade_id\": \"633\", \"subject_id\": \"436\", \"description\": \"<ul><li><p>This presentation introduces leadership at community, national, and global levels, with examples from disaster relief, reform, and advocacy.</p></li><li><p>Includes interactive activities: Leadership Ladder growth plan, Youth Leadership Campaign, Leadership Code of Ethics, and Role Cards – Meet the Leaders.</p></li><li><p>Promotes understanding of leadership qualities, Islamic principles of accountability and service, and the value of responsible action in a global context.</p></li></ul><p></p>\"}}', '127.0.0.1', NULL, '2025-08-31 22:34:18'),
(276, 1, 'RESOURCE_UPDATED', 99, '{\"updatedFields\": {\"tags\": [\"951\", \"959\", \"964\", \"1021\", \"1070\", \"1108\", \"1109\", \"1110\", \"1111\", \"1112\", \"1113\", \"1114\"], \"title\": \"U1 L1: World War I and the Changing World Order\", \"status\": \"draft\", \"type_id\": \"366\", \"grade_id\": \"634\", \"subject_id\": \"436\", \"description\": \"<ul><li><p>This presentation introduces World War I (1914–1918), its global scale, alliances, and impact on millions, explaining the MAIN causes: Militarism, Alliances, Imperialism, and Nationalism.</p></li></ul><ul><li><p>Includes interactive activities: World Map Challenge, Alliance Sorting, Timeline Challenge, and Think About It discussion.</p></li><li><p>Promotes understanding of the Allies and Central Powers, Saudi regions under Ottoman influence, life during the war, and the lasting effects of the Treaty of Versailles and the Ottoman Empire’s fall.</p></li></ul><p></p>\"}}', '127.0.0.1', NULL, '2025-09-01 00:23:33'),
(277, 1, 'RESOURCE_UPDATED', 100, '{\"updatedFields\": {\"tags\": [\"951\", \"959\", \"964\", \"1021\", \"1114\", \"1115\", \"1116\", \"1117\", \"1118\", \"1119\"], \"title\": \"U1 L2: The Interwar Period and National Movements\", \"status\": \"draft\", \"type_id\": \"366\", \"grade_id\": \"634\", \"subject_id\": \"436\", \"description\": \"<ul><li><p>This presentation explores the interwar years marked by economic, political, and social challenges, including the Great Depression, and shows how the collapse of empires and redrawn borders fueled nationalism and independence movements in Asia and Africa.</p></li><li><p>Includes interactive activities: Timeline Puzzle, Voices of Freedom reflection, and National Movement Poster design.</p></li><li><p>Promotes understanding of Atatürk’s reforms in Turkey, the protests in Egypt, Gandhi’s peaceful resistance in India, Saudi Arabia’s unification under King Abdulaziz in 1932, and the discovery of oil in 1938 as a turning point.</p></li></ul><p></p>\"}}', '127.0.0.1', NULL, '2025-09-01 00:23:59'),
(278, 1, 'RESOURCE_UPDATED', 101, '{\"updatedFields\": {\"tags\": [\"951\", \"959\", \"964\", \"1021\", \"1120\", \"1121\", \"1122\", \"1123\", \"1124\", \"1125\"], \"title\": \"U1 L3: World War II and Global Realignment\", \"status\": \"draft\", \"type_id\": \"366\", \"grade_id\": \"634\", \"subject_id\": \"436\", \"description\": \"<ul><li><p>This presentation covers World War II (1939–1945), the deadliest conflict in history with over 60 million lives lost, explaining causes such as the Treaty of Versailles, global depression, rise of dictators, militarism, and expansion by Germany, Italy, and Japan.</p></li><li><p>Includes interactive activities: Imagine the World in 1939, Cause-and-Effect Sort, Allies/Axis country naming, and Oil Matters discussion.</p></li><li><p>Promotes understanding of the Allies and Axis powers, Saudi Arabia’s neutral stance yet vital oil support, and the war’s outcomes including the United Nations, independence movements, and the Cold War’s beginnings.</p></li></ul><p></p>\"}}', '127.0.0.1', NULL, '2025-09-01 00:26:00'),
(279, 1, 'RESOURCE_UPDATED', 102, '{\"updatedFields\": {\"tags\": [\"951\", \"959\", \"965\", \"1021\", \"1033\", \"1119\", \"1126\", \"1127\", \"1128\", \"1129\", \"1130\", \"1131\"], \"title\": \"U2 L1: Decolonization in the Middle East and Africa\", \"status\": \"draft\", \"type_id\": \"366\", \"grade_id\": \"634\", \"subject_id\": \"436\", \"description\": \"<ul><li><p>This presentation explains decolonization as nations in the Middle East and Africa gained independence after World War II, highlighting causes such as weakened European powers, rising demand for self-rule, and global pressure for equality and human rights.</p></li><li><p>Includes interactive activities: Freedom Metaphor Map, Timeline Challenge, and Build a Nation Roleplay.</p></li><li><p>Promotes understanding of key independence movements in Egypt, Sudan, Ghana, and Algeria, the challenges of nation-building, and Saudi Arabia’s support for Arab nations.</p></li></ul><p></p>\"}}', '127.0.0.1', NULL, '2025-09-01 00:26:12'),
(280, 1, 'RESOURCE_UPDATED', 103, '{\"updatedFields\": {\"tags\": [\"951\", \"959\", \"965\", \"1021\", \"1132\", \"1134\", \"1135\", \"1136\", \"1137\", \"1138\", \"1139\", \"1140\", \"1141\", \"1142\", \"1143\", \"1144\"], \"title\": \"U2 L2: The Cold War and Regional Conflicts\", \"status\": \"draft\", \"type_id\": \"366\", \"grade_id\": \"634\", \"subject_id\": \"436\", \"description\": \"<ul><li><p>This presentation introduces the Cold War rivalry between the USA and USSR after World War II, defined by ideological conflict without direct fighting, and explains its causes, such as capitalism vs. communism, democracy vs. one-party rule, fear, and mistrust.</p></li></ul><ul><li><p>Includes interactive activities: Cold War Timeline, True or False on proxy wars, and Alliance Sorting Game.</p></li><li><p>Promotes understanding of major Cold War events, proxy wars and alliances, and the conflict’s global impact ending with the Soviet Union’s collapse in 1991.</p></li></ul><p></p>\"}}', '127.0.0.1', NULL, '2025-09-01 00:26:36'),
(281, 1, 'RESOURCE_UPDATED', 104, '{\"updatedFields\": {\"tags\": [\"951\", \"959\", \"966\", \"1008\", \"1011\", \"1021\", \"1058\", \"1145\", \"1146\", \"1147\", \"1148\", \"1149\"], \"title\": \"U3 L1: Understanding Climate Change\", \"status\": \"draft\", \"type_id\": \"366\", \"grade_id\": \"634\", \"subject_id\": \"436\", \"description\": \"<ul><li><p>This presentation introduces climate as long-term weather patterns and explains how human activity drives rapid climate change, with causes such as burning fossil fuels, deforestation, factories, and vehicles.</p></li><li><p>Includes interactive activities: True or False quiz, Spot the Cause, What Would You Do? reflection, and Green Pledge.</p></li><li><p>Promotes awareness of climate change signs, its impact on Saudi Arabia, and the importance of sustainable solutions like conservation, tree planting, and solar energy.</p></li></ul><p></p>\"}}', '127.0.0.1', NULL, '2025-09-01 00:26:49'),
(282, 1, 'RESOURCE_UPDATED', 105, '{\"updatedFields\": {\"tags\": [\"951\", \"959\", \"966\", \"1007\", \"1008\", \"1009\", \"1011\", \"1150\"], \"title\": \"U3 L2: Sustainable Development Goals (SDGs)\", \"status\": \"draft\", \"type_id\": \"366\", \"grade_id\": \"634\", \"subject_id\": \"436\", \"description\": \"<ul><li><p>This presentation introduces the UN’s 17 Sustainable Development Goals (SDGs) to address global challenges like poverty, pollution, and inequality, and explains why they were created to ensure a fairer, healthier, and sustainable future for all.</p></li></ul><ul><li><p>Includes interactive activity: <em>My City, My Goal</em> reflection linking local actions to SDGs.</p></li><li><p>Promotes understanding of the three pillars of sustainable development—economy, society, and environment—and connects the SDGs to Saudi Vision 2030 projects such as NEOM that promote clean energy, jobs, education, and health.</p></li></ul><p></p>\"}}', '127.0.0.1', NULL, '2025-09-01 00:27:10'),
(283, 1, 'RESOURCE_UPDATED', 106, '{\"updatedFields\": {\"tags\": [\"951\", \"959\", \"967\", \"997\", \"1040\", \"1085\", \"1151\", \"1152\"], \"title\": \"U4 L1: Comparative Governance Systems\", \"status\": \"draft\", \"type_id\": \"366\", \"grade_id\": \"634\", \"subject_id\": \"436\", \"description\": \"<ul><li><p>This presentation introduces the purpose of governments and how they affect daily life through services like schools, healthcare, and safety, while explaining the main forms of governance, such as monarchy, democracy, and authoritarianism, with global examples.</p></li><li><p>Includes interactive activities: <em>Government in My Life</em> reflection and <em>What If You Were a Leader?</em> discussion.</p></li><li><p>Promotes understanding of Saudi Arabia’s monarchy based on the Qur’an and Sunnah, supported by the Council of Ministers and Shura Council, and encourages reflection on leadership and values.</p></li></ul><p></p>\"}}', '127.0.0.1', NULL, '2025-09-01 00:27:45'),
(284, 1, 'RESOURCE_UPDATED', 108, '{\"updatedFields\": {\"tags\": [\"951\", \"959\", \"967\", \"1007\", \"1009\", \"1099\", \"1150\", \"1153\"], \"title\": \"U4 L2: Saudi Arabia’s Vision 2030\", \"status\": \"draft\", \"type_id\": \"366\", \"grade_id\": \"634\", \"subject_id\": \"436\", \"description\": \"<ul><li><p>This presentation introduces Vision 2030, Saudi Arabia’s national plan built on the three pillars of a Vibrant Society, Thriving Economy, and Ambitious Nation.</p></li><li><p>Includes interactive activities: <em>Build Your NEOM</em> design, <em>Eco-Tourism Slogan</em>, and <em>My Future Role</em> reflection.</p></li><li><p>Promotes awareness of major projects like NEOM, Qiddiya, and the Red Sea Project, while emphasizing opportunities for Saudi youth in education, technology, tourism, and entrepreneurship.</p></li></ul><p></p>\"}}', '127.0.0.1', NULL, '2025-09-01 00:28:11'),
(285, 1, 'RESOURCE_UPDATED', 109, '{\"updatedFields\": {\"tags\": [\"959\", \"1005\", \"1089\", \"1092\", \"1101\", \"1154\", \"1155\", \"1156\"], \"title\": \"U5 L1: International Trade and Organizations\", \"status\": \"draft\", \"type_id\": \"366\", \"grade_id\": \"634\", \"subject_id\": \"436\", \"description\": \"<ul><li><p>This presentation explains why countries trade—since no nation produces everything it needs, imports and exports connect economies—and defines international trade with its benefits, such as wider products, economic growth, jobs, and stronger global ties.</p></li><li><p>Includes interactive activities: <em>Trade Match</em> game, <em>Who’s Who in Trade</em> matching, and Quick Quiz.</p></li><li><p>Promotes understanding of Saudi Arabia’s trade role (exports in oil, plastics, chemicals; imports in machinery, vehicles, electronics) and awareness of key trade organizations like the WTO, GCC, and OPEC.</p></li></ul><p></p>\"}}', '127.0.0.1', NULL, '2025-09-01 00:28:37'),
(286, 1, 'RESOURCE_UPDATED', 111, '{\"updatedFields\": {\"tags\": [\"959\", \"968\", \"1007\", \"1009\", \"1015\", \"1101\", \"1157\", \"1158\"], \"title\": \"U5 L2: Technology and Economic Development\", \"status\": \"draft\", \"type_id\": \"366\", \"grade_id\": \"634\", \"subject_id\": \"436\", \"description\": \"<ul><li><p>This presentation explores how technology shapes modern life, from cities and schools to healthcare and businesses, and connects to Saudi Arabia’s Vision 2030 with NEOM as a model smart city powered by robotics, clean energy, and innovation.</p></li><li><p>Includes interactive activities: <em>My Smart City</em> design, <em>Tech-at-Home</em> reflection, and <em>Technology Debate</em>.</p></li><li><p>Promotes awareness of technology’s impact across sectors like education, healthcare, business, and agriculture, while encouraging reflection on its benefits and drawbacks in daily life.</p></li></ul><p></p>\"}}', '127.0.0.1', NULL, '2025-09-01 00:29:24'),
(287, 1, 'RESOURCE_UPDATED', 112, '{\"updatedFields\": {\"tags\": [\"959\", \"1007\", \"1009\", \"1013\", \"1159\", \"1160\", \"1161\", \"1162\", \"1163\"], \"title\": \"U6 L1: Environmental Stewardship and Responsibility\", \"status\": \"draft\", \"type_id\": \"366\", \"grade_id\": \"634\", \"subject_id\": \"436\", \"description\": \"<ul><li><p>This presentation defines stewardship (Amanah) and the Islamic view of humans as Khalifa (caretakers) of Earth, while explaining ecosystems and biodiversity and the threats posed by pollution, deforestation, overfishing, and climate change.</p></li><li><p>Includes interactive activities: <em>Ecosystem Chain Game</em>, <em>Green Saudi Action Board</em>, <em>Model Ecosystem</em> terrarium, and <em>Qur’an &amp; Nature</em> Poster.</p></li><li><p>Promotes understanding of Islamic teachings on nature, Saudi initiatives like Vision 2030 and the Green Saudi Initiative, and global agreements such as the Paris Agreement and Kyoto Protocol.</p></li></ul><p></p>\"}}', '127.0.0.1', NULL, '2025-09-01 00:29:49'),
(288, 1, 'RESOURCE_UPDATED', 113, '{\"updatedFields\": {\"tags\": [\"959\", \"1010\", \"1011\", \"1103\", \"1159\", \"1164\", \"1165\", \"1166\"], \"title\": \"U6 L2: The Role of Global Citizenship\", \"status\": \"draft\", \"type_id\": \"366\", \"grade_id\": \"634\", \"subject_id\": \"436\", \"description\": \"<ul><li><p>This presentation defines global citizenship as awareness that personal choices affect others and the planet, paired with responsibility and fairness, and highlights key traits such as empathy, respect for diversity, collaboration, responsibility, and advocacy.</p></li><li><p>Includes interactive activities: <em>Global Citizenship Trait March</em>, <em>Voices of Change</em> posters, <em>Local-to-Global Impact Mapping</em>, <em>Citizenship in Islam</em> collage, and <em>Global Problem-Solving Circle</em>.</p></li><li><p>Promotes reflection on real-world change makers, the importance of cooperation on issues like climate change, poverty, and inequality, and the role of Islamic values in guiding global responsibility.</p></li></ul><p></p>\"}}', '127.0.0.1', NULL, '2025-09-01 00:30:05'),
(289, 1, 'RESOURCE_UPDATED', 114, '{\"updatedFields\": {\"tags\": [\"960\", \"964\", \"968\", \"1100\", \"1167\", \"1168\", \"1169\", \"1170\", \"1171\"], \"title\": \"U1 L1: Introduction to Physical Geography\", \"status\": \"draft\", \"type_id\": \"366\", \"grade_id\": \"635\", \"subject_id\": \"436\", \"description\": \"<ul><li><p>This presentation introduces physical geography and its importance in understanding Earth’s natural features and hazards, covering Earth’s layers, tectonic plates, mountains, rivers, deserts, and oceans.</p></li><li><p>Includes interactive activities: <em>Disaster-Ready City</em> design and <em>Quick Check</em> review.</p></li><li><p>Promotes awareness of natural processes like weathering, erosion, and landscape change, human impact on the environment, and stewardship linked to Islamic values.</p></li></ul><p></p>\"}}', '127.0.0.1', NULL, '2025-09-01 02:40:24'),
(290, 1, 'RESOURCE_UPDATED', 115, '{\"updatedFields\": {\"tags\": [\"960\", \"964\", \"974\", \"1171\", \"1172\", \"1173\", \"1174\"], \"title\": \"U1 L2: Weather and Climate Basics\", \"status\": \"draft\", \"type_id\": \"366\", \"grade_id\": \"635\", \"subject_id\": \"436\", \"description\": \"<ul><li><p>This presentation explains the difference between weather (short-term conditions) and climate (long-term patterns), introducing key elements such as temperature, precipitation, wind, and humidity.</p></li><li><p>Includes interactive activities: <em>Create a Climate Map</em>, <em>Weather Prediction Simulation</em>, and class presentations on regional climates.</p></li><li><p>Promotes understanding of factors shaping climate zones, awareness of global climate patterns, and Islamic reflections on natural phenomena as signs of Allah’s creation.</p></li></ul><p></p>\"}}', '127.0.0.1', NULL, '2025-09-01 02:40:38'),
(291, 1, 'RESOURCE_UPDATED', 116, '{\"updatedFields\": {\"tags\": [\"960\", \"964\", \"968\", \"974\", \"1175\", \"1176\", \"1177\", \"1178\"], \"title\": \"U1 L3: Earth’s Water Systems\", \"status\": \"draft\", \"type_id\": \"366\", \"grade_id\": \"635\", \"subject_id\": \"436\", \"description\": \"<ul><li><p>This presentation introduces the hydrological cycle, the difference between saltwater and freshwater, and Earth’s major water bodies, highlighting the role of processes like transpiration for Saudi ecosystems.</p></li><li><p>Includes interactive activities: <em>Interpreting Water Data</em>, <em>Design a Water-Smart City</em>, and <em>Test Your Knowledge</em>.</p></li><li><p>Promotes awareness of water challenges in Saudi Arabia, global scarcity concerns, sustainable solutions, and Islamic teachings on water as a sacred trust.</p></li></ul><p></p>\"}}', '127.0.0.1', NULL, '2025-09-01 02:40:49'),
(292, 1, 'RESOURCE_UPDATED', 117, '{\"updatedFields\": {\"tags\": [\"960\", \"964\", \"1011\", \"1161\", \"1179\", \"1180\"], \"title\": \"U1 L4: Ecosystems and Biodiversity\", \"status\": \"draft\", \"type_id\": \"366\", \"grade_id\": \"635\", \"subject_id\": \"436\", \"description\": \"<ul><li><p>This presentation defines ecosystems and explains the interaction of biotic (living) and abiotic (non-living) factors, while emphasizing the importance of biodiversity and the risks posed when key species are lost.</p></li></ul><ul><li><p>Includes interactive activities: <em>Eco-Role-play</em> (students act as ecologists) and <em>Ecosystems Check-In</em> review.</p></li><li><p>Promotes understanding of threats such as habitat destruction, pollution, and climate change, the importance of conservation strategies, and Islamic values of stewardship and care for Allah’s creation.</p></li></ul><p></p>\"}}', '127.0.0.1', NULL, '2025-09-01 02:41:04'),
(293, 1, 'RESOURCE_CREATED', 118, '{\"type\": \"draft\", \"title\": \"U2 L1: Plate Tectonics and Earthquakes\"}', '127.0.0.1', NULL, '2025-09-01 02:45:33'),
(294, 1, 'RESOURCE_CREATED', 119, '{\"type\": \"draft\", \"title\": \"U2 L2: Volcanism and Mountain Building\"}', '127.0.0.1', NULL, '2025-09-01 03:01:23'),
(295, 1, 'RESOURCE_CREATED', 120, '{\"type\": \"draft\", \"title\": \"U2 L3: Weathering, Erosion, and Soil Formation\"}', '127.0.0.1', NULL, '2025-09-01 03:30:43'),
(296, 1, 'RESOURCE_CREATED', 121, '{\"type\": \"draft\", \"title\": \"U2 L4: Rivers and Glaciers – Agents of Landscape Change\"}', '127.0.0.1', NULL, '2025-09-01 03:34:51'),
(297, 1, 'RESOURCE_CREATED', 122, '{\"type\": \"draft\", \"title\": \"U3 L1: Human Impacts on Ecosystems\"}', '127.0.0.1', NULL, '2025-09-01 03:43:18'),
(298, 1, 'RESOURCE_CREATED', 123, '{\"type\": \"draft\", \"title\": \"U3 L2: Climate Change and Global Warming\"}', '127.0.0.1', NULL, '2025-09-01 04:19:57'),
(299, 1, 'RESOURCE_UPDATED', 123, '{\"updatedFields\": {\"tags\": [\"960\", \"966\", \"1145\", \"1146\", \"1178\", \"1180\", \"1196\", \"1197\"], \"title\": \"U3 L2: Climate Change and Global Warming\", \"status\": \"draft\", \"type_id\": \"366\", \"grade_id\": \"635\", \"subject_id\": \"436\", \"description\": \"<ul><li><p>This presentation explains the difference between climate change and global warming, the greenhouse effect, and human activities that produce greenhouse gases.</p></li><li><p>Includes interactive activity: <em>Climate Action Poster,</em> where students design solutions to address local and global challenges.</p></li><li><p>Promotes awareness of climate change impacts on weather, water, agriculture, and biodiversity, along with mitigation strategies and Islamic teachings on environmental responsibility.</p></li></ul><p></p>\"}}', '127.0.0.1', NULL, '2025-09-01 04:20:40'),
(300, 1, 'RESOURCE_CREATED', 124, '{\"type\": \"draft\", \"title\": \"U3 L3: Water Resources and Management\"}', '127.0.0.1', NULL, '2025-09-01 04:26:15'),
(301, 1, 'RESOURCE_CREATED', 125, '{\"type\": \"draft\", \"title\": \"U3 L4: Sustainable Development Practices\"}', '127.0.0.1', NULL, '2025-09-01 04:38:56'),
(302, 1, 'RESOURCE_CREATED', 126, '{\"type\": \"draft\", \"title\": \"U4 L1: Introduction to Political and Cultural Geography\"}', '127.0.0.1', NULL, '2025-09-01 04:47:52'),
(303, 1, 'USER_LOGIN', NULL, '{\"role\": \"admin\", \"email\": \"admin@resources.com\"}', '127.0.0.1', NULL, '2025-09-01 04:53:37'),
(304, 1, 'USER_LOGIN', NULL, '{\"role\": \"admin\", \"email\": \"admin@resources.com\"}', '127.0.0.1', NULL, '2025-09-01 04:54:05'),
(305, 1, 'RESOURCE_CREATED', 127, '{\"type\": \"draft\", \"title\": \"U4 L2: The Role of Political Boundaries in Cultural Identity\"}', '127.0.0.1', NULL, '2025-09-01 04:58:05'),
(306, 1, 'USER_LOGIN', NULL, '{\"role\": \"admin\", \"email\": \"admin@resources.com\"}', '127.0.0.1', NULL, '2025-09-01 04:59:19'),
(307, 1, 'USER_LOGIN', NULL, '{\"role\": \"admin\", \"email\": \"admin@resources.com\"}', '127.0.0.1', NULL, '2025-09-01 05:01:57'),
(308, 1, 'RESOURCE_CREATED', 128, '{\"type\": \"draft\", \"title\": \"U4 L3: Water Resources and Management\"}', '127.0.0.1', NULL, '2025-09-01 05:05:33'),
(309, 1, 'USER_LOGIN', NULL, '{\"role\": \"admin\", \"email\": \"admin@resources.com\"}', '127.0.0.1', NULL, '2025-09-01 05:09:20'),
(310, 1, 'USER_LOGIN', NULL, '{\"role\": \"admin\", \"email\": \"admin@resources.com\"}', '127.0.0.1', NULL, '2025-09-01 05:19:27'),
(311, 1, 'USER_LOGIN', NULL, '{\"role\": \"admin\", \"email\": \"admin@resources.com\"}', '127.0.0.1', NULL, '2025-09-01 05:23:09'),
(312, 1, 'USER_LOGIN', NULL, '{\"role\": \"admin\", \"email\": \"admin@resources.com\"}', '127.0.0.1', NULL, '2025-09-01 05:23:49'),
(313, 1, 'RESOURCE_CREATED', NULL, '{\"type\": \"draft\", \"title\": \"Test Resource\"}', '127.0.0.1', NULL, '2025-09-01 05:25:16'),
(314, 1, 'RESOURCE_DELETED', NULL, '{\"resourceId\": \"39\"}', '127.0.0.1', NULL, '2025-09-01 05:26:21'),
(315, 1, 'RESOURCE_DELETED', NULL, '{\"resourceId\": \"129\"}', '127.0.0.1', NULL, '2025-09-01 05:27:07'),
(316, 1, 'RESOURCE_CREATED', NULL, '{\"type\": \"draft\", \"title\": \"Test\"}', '127.0.0.1', NULL, '2025-09-01 05:29:58'),
(317, 1, 'USER_LOGIN', NULL, '{\"role\": \"admin\", \"email\": \"admin@resources.com\"}', '127.0.0.1', NULL, '2025-09-01 05:30:07'),
(318, 1, 'RESOURCE_DELETED', NULL, '{\"resourceId\": \"130\"}', '127.0.0.1', NULL, '2025-09-01 05:30:15'),
(319, 1, 'RESOURCE_CREATED', 131, '{\"type\": \"draft\", \"title\": \"U1 L1: What is History?\"}', '127.0.0.1', NULL, '2025-09-01 05:32:46'),
(320, 1, 'RESOURCE_CREATED', 132, '{\"type\": \"draft\", \"title\": \"U1 L2: Evaluating Historical Resources\"}', '127.0.0.1', NULL, '2025-09-01 05:34:23'),
(321, 1, 'RESOURCE_CREATED', 133, '{\"type\": \"draft\", \"title\": \"U1 L3: Introduction to Historical Methods\"}', '127.0.0.1', NULL, '2025-09-01 05:36:51'),
(322, 1, 'RESOURCE_CREATED', 134, '{\"type\": \"draft\", \"title\": \"U4 L4: Land and Agricultural Resources\"}', '127.0.0.1', NULL, '2025-09-01 05:37:38'),
(323, 1, 'RESOURCE_CREATED', 135, '{\"type\": \"draft\", \"title\": \"U1 L4: Role of History in Society\"}', '127.0.0.1', NULL, '2025-09-01 05:38:13'),
(324, 1, 'RESOURCE_CREATED', 136, '{\"type\": \"draft\", \"title\": \"Introduction to Historical Writing\"}', '127.0.0.1', NULL, '2025-09-01 05:40:50'),
(325, 1, 'RESOURCE_UPDATED', 136, '{\"updatedFields\": {\"tags\": [\"961\", \"964\", \"1225\"], \"title\": \"U1 L5: Introduction to Historical Writing\", \"status\": \"draft\", \"type_id\": \"366\", \"grade_id\": \"636\", \"subject_id\": \"436\", \"description\": \"<ul><li><p>This presentation introduces the structure and purpose of historical writing, focusing on building strong introductions, thesis statements, evidence-based body paragraphs, and meaningful conclusions.</p></li><li><p>Includes interactive activities: <em>Guided Essay Structuring</em>, <em>Journal of Insights</em>, and <em>Check Your Understanding</em>.</p></li><li><p>Promotes development of clear writing skills, use of credible sources, and the ability to connect the past to the present through structured historical essays.</p></li></ul><p></p>\"}}', '127.0.0.1', NULL, '2025-09-01 05:42:03'),
(326, 1, 'RESOURCE_CREATED', 137, '{\"type\": \"draft\", \"title\": \"U2 L1: The Dawn of Human Societies\"}', '127.0.0.1', NULL, '2025-09-01 05:45:23'),
(327, 1, 'RESOURCE_CREATED', 138, '{\"type\": \"draft\", \"title\": \"U2 L2: Mesopotamia – Cradle of Civilization\"}', '127.0.0.1', NULL, '2025-09-01 05:47:31'),
(328, 1, 'RESOURCE_UPDATED', 137, '{\"updatedFields\": {\"tags\": [\"961\", \"1226\", \"1227\", \"1228\", \"1229\", \"965\"], \"title\": \"U2 L1: The Dawn of Human Societies\", \"status\": \"draft\", \"type_id\": \"366\", \"grade_id\": \"636\", \"subject_id\": \"436\", \"description\": \"<ul><li><p>This presentation explores the transition from nomadic life to settled farming communities, highlighting the importance of camels, cultural practices, and innovations of nomadic societies.</p></li><li><p>Includes interactive activities: <em>Life Before and After the Agricultural Revolution</em> guided practice, <em>Al-Ula and Arabian Trade</em> case study, <em>Journal of Insights</em>, and <em>Check Your Understanding</em>.</p></li><li><p>Promotes understanding of how the Agricultural Revolution provided stable food sources, enabled surplus, and fostered larger populations, settlements, and cooperation in early villages.</p></li></ul><p></p>\"}}', '127.0.0.1', NULL, '2025-09-01 05:47:45'),
(329, 1, 'RESOURCE_CREATED', 139, '{\"type\": \"draft\", \"title\": \"U2 L3: Ancient Egypt – Society by the Nile\"}', '127.0.0.1', NULL, '2025-09-01 05:49:10'),
(330, 1, 'RESOURCE_CREATED', 140, '{\"type\": \"draft\", \"title\": \"U2 L4: The Indus Valley – A Mysterious Civilization\"}', '127.0.0.1', NULL, '2025-09-01 05:51:17'),
(331, 1, 'USER_LOGIN', NULL, '{\"role\": \"admin\", \"email\": \"admin@resources.com\"}', '127.0.0.1', NULL, '2025-09-01 05:54:44'),
(332, 1, 'RESOURCE_CREATED', 141, '{\"type\": \"draft\", \"title\": \"U2 L5: Ancient China – Dynasties and Innovations\"}', '127.0.0.1', NULL, '2025-09-01 05:58:49'),
(333, 1, 'RESOURCE_UPDATED', 141, '{\"updatedFields\": {\"tags\": [\"961\", \"965\", \"1031\", \"1037\", \"1233\", \"1234\", \"1235\", \"1236\"], \"title\": \"U2 L5: Ancient China – Dynasties and Innovations\", \"status\": \"draft\", \"type_id\": \"366\", \"grade_id\": \"636\", \"subject_id\": \"436\", \"description\": \"<ul><li><p>This presentation explores the geography of China, the role of isolation in shaping innovation, and provides an overview of major dynasties and their contributions.</p></li><li><p>Includes interactive activities: <em>Be the Emperor!</em> decision-making role-play, <em>Pair and Share</em> discussions, and timeline analysis of dynasties.</p></li><li><p>Promotes understanding of Chinese philosophies, world-changing innovations, and enduring landmarks such as the Great Wall.</p></li></ul><p></p>\"}}', '127.0.0.1', NULL, '2025-09-01 05:59:49'),
(334, 1, 'RESOURCE_CREATED', 142, '{\"type\": \"draft\", \"title\": \"U3 L1: The Birth of Islam and the Life of Prophet Muhammad (PBUH)\"}', '127.0.0.1', NULL, '2025-09-01 06:20:21'),
(335, 1, 'RESOURCE_CREATED', 143, '{\"type\": \"draft\", \"title\": \"U3 L2: The Spread of Islam and Early Caliphates\"}', '127.0.0.1', NULL, '2025-09-01 06:22:06'),
(336, 1, 'RESOURCE_CREATED', 144, '{\"type\": \"draft\", \"title\": \"U3 L3: The Golden Age of Islamic Civilization\"}', '127.0.0.1', NULL, '2025-09-01 06:23:09'),
(337, 1, 'RESOURCE_CREATED', 145, '{\"type\": \"draft\", \"title\": \"U3 L4: Islamic Art and Architecture\"}', '127.0.0.1', NULL, '2025-09-01 06:24:31'),
(338, 1, 'RESOURCE_CREATED', 146, '{\"type\": \"draft\", \"title\": \"U3 L5: Islamic Civilization’s Global Impact\"}', '127.0.0.1', NULL, '2025-09-01 06:26:04'),
(339, 1, 'RESOURCE_CREATED', 147, '{\"type\": \"draft\", \"title\": \"U4 L1: The Persian Empire\"}', '127.0.0.1', NULL, '2025-09-01 06:27:36'),
(340, 1, 'RESOURCE_CREATED', 148, '{\"type\": \"draft\", \"title\": \"U4 L2: The Greek Empire – Foundations of Western Civilization\"}', '127.0.0.1', NULL, '2025-09-01 06:30:17'),
(341, 1, 'RESOURCE_CREATED', 149, '{\"type\": \"draft\", \"title\": \"U4 L3: The Roman Empire\"}', '127.0.0.1', NULL, '2025-09-01 06:31:47'),
(342, 1, 'RESOURCE_CREATED', 150, '{\"type\": \"draft\", \"title\": \"U4 L4: The Ottoman Empire\"}', '127.0.0.1', NULL, '2025-09-01 06:35:14'),
(343, 1, 'RESOURCE_CREATED', 151, '{\"type\": \"draft\", \"title\": \"U4 L5: Cultural and Religious Exchanges\"}', '127.0.0.1', NULL, '2025-09-01 06:38:01'),
(344, 1, 'RESOURCE_CREATED', 152, '{\"type\": \"draft\", \"title\": \"U4 L6: The Impact of Empire on Modern Borders and Conflicts\"}', '127.0.0.1', NULL, '2025-09-01 06:40:36'),
(345, 1, 'RESOURCE_CREATED', 153, '{\"type\": \"draft\", \"title\": \"U1 L1: Introduction to Demography (Part1 )\"}', '127.0.0.1', NULL, '2025-09-01 06:42:54'),
(346, 1, 'RESOURCE_CREATED', 154, '{\"type\": \"draft\", \"title\": \"U1 L1: Introduction to Demography (Part 2)\"}', '127.0.0.1', NULL, '2025-09-01 06:44:13'),
(347, 1, 'RESOURCE_CREATED', NULL, '{\"type\": \"draft\", \"title\": \"U1 L3: Migration Patterns and Their Impacts\"}', '127.0.0.1', NULL, '2025-09-01 06:46:21'),
(348, 1, 'RESOURCE_CREATED', 156, '{\"type\": \"draft\", \"title\": \"U1 L2: Factors Influencing Population Growth\"}', '127.0.0.1', NULL, '2025-09-01 06:47:54'),
(349, 1, 'RESOURCE_UPDATED', NULL, '{\"updatedFields\": {\"tags\": [\"962\", \"964\", \"1007\", \"1078\", \"1274\", \"1275\", \"1276\"], \"title\": \"U1 L3: Migration Patterns and Their Impacts\", \"status\": \"draft\", \"type_id\": \"366\", \"grade_id\": \"637\", \"subject_id\": \"436\", \"description\": \"<ul><li><p>This presentation defines migration, its types, and the push–pull factors that influence movement, using global and Saudi examples.</p></li><li><p>Includes interactive activities: <em>Migration Decision Simulation</em> with role-play scenarios and <em>Ripple Effect Analysis</em> to study economic, social, and environmental impacts.</p></li><li><p>Promotes understanding of how migration shapes societies, economies, and environments, while linking to Saudi Arabia’s Vision 2030 strategies for sustainable urban growth.</p></li></ul><p></p>\"}}', '127.0.0.1', NULL, '2025-09-01 06:49:15'),
(350, 1, 'RESOURCE_UPDATED', NULL, '{\"updatedFields\": {\"tags\": [\"962\", \"964\", \"1007\", \"1078\", \"1274\", \"1275\", \"1276\"], \"title\": \"U1 L3: Migration Patterns and Their Impacts\", \"status\": \"draft\", \"type_id\": \"366\", \"grade_id\": \"637\", \"subject_id\": \"436\", \"description\": \"<ul><li><p>This presentation defines migration, its types, and the push–pull factors that influence movement, using global and Saudi examples.</p></li><li><p>Includes interactive activities: <em>Migration Decision Simulation</em> with role-play scenarios and <em>Ripple Effect Analysis</em> to study economic, social, and environmental impacts.</p></li><li><p>Promotes understanding of how migration shapes societies, economies, and environments, while linking to Saudi Arabia’s Vision 2030 strategies for sustainable urban growth.</p></li></ul><p></p>\"}}', '127.0.0.1', NULL, '2025-09-01 06:51:29'),
(351, 1, 'RESOURCE_DELETED', NULL, '{\"resourceId\": \"155\"}', '127.0.0.1', NULL, '2025-09-01 06:51:47'),
(352, 1, 'RESOURCE_CREATED', 157, '{\"type\": \"draft\", \"title\": \"U1 L3: Migration Patterns and Their Impacts\"}', '127.0.0.1', NULL, '2025-09-01 06:53:50'),
(353, 1, 'RESOURCE_CREATED', 158, '{\"type\": \"draft\", \"title\": \"U1 L4: Population Policies and Their Implications\"}', '127.0.0.1', NULL, '2025-09-01 06:59:34'),
(354, 1, 'RESOURCE_CREATED', 159, '{\"type\": \"draft\", \"title\": \"U2 L1: Understanding Urbanization\"}', '127.0.0.1', NULL, '2025-09-01 07:02:11'),
(355, 1, 'RESOURCE_CREATED', 160, '{\"type\": \"draft\", \"title\": \"U2 L2: Social and Economic Impacts of Urbanization\"}', '127.0.0.1', NULL, '2025-09-01 07:03:42'),
(356, 1, 'RESOURCE_CREATED', 161, '{\"type\": \"draft\", \"title\": \"U2 L3: Environmental Consequences of Urbanization\"}', '127.0.0.1', NULL, '2025-09-01 07:05:23'),
(357, 1, 'RESOURCE_CREATED', 162, '{\"type\": \"draft\", \"title\": \"U2 L4: Planning for Sustainable Urban Growth\"}', '127.0.0.1', NULL, '2025-09-01 07:07:46'),
(358, 1, 'RESOURCE_CREATED', 163, '{\"type\": \"draft\", \"title\": \"U3 L1: Introduction to Economic Geography\"}', '127.0.0.1', NULL, '2025-09-01 07:09:17'),
(359, 1, 'RESOURCE_CREATED', 164, '{\"type\": \"draft\", \"title\": \"U3 L2: Global Trade and Interdependence\"}', '127.0.0.1', NULL, '2025-09-01 07:10:33'),
(360, 1, 'RESOURCE_CREATED', 165, '{\"type\": \"draft\", \"title\": \"U3 L3: The Economics of Natural Resources\"}', '127.0.0.1', NULL, '2025-09-01 07:11:58'),
(361, 1, 'RESOURCE_CREATED', 166, '{\"type\": \"draft\", \"title\": \"U3 L4: Sustainable Economic Development\"}', '127.0.0.1', NULL, '2025-09-01 07:13:04'),
(362, 1, 'RESOURCE_CREATED', 167, '{\"type\": \"draft\", \"title\": \"U4 L1: Introduction to Political and Cultural Geography\"}', '127.0.0.1', NULL, '2025-09-01 07:14:18'),
(363, 1, 'RESOURCE_CREATED', 168, '{\"type\": \"draft\", \"title\": \"U4 L2: The Role of Political Boundaries in Cultural Identity\"}', '127.0.0.1', NULL, '2025-09-01 07:15:17'),
(364, 1, 'RESOURCE_CREATED', 169, '{\"type\": \"draft\", \"title\": \"U4 L4: Political Decisions and Cultural Landscapes\"}', '127.0.0.1', NULL, '2025-09-01 07:16:33'),
(365, 1, 'RESOURCE_UPDATED', 169, '{\"updatedFields\": {\"tags\": [\"962\", \"967\", \"1297\"], \"title\": \"U4 L3: Cultural Changes in a Globalized World\", \"status\": \"draft\", \"type_id\": \"366\", \"grade_id\": \"637\", \"subject_id\": \"436\", \"description\": \"<ul><li><p>This presentation introduces globalization and cultural diffusion, analyzing their effects on cultural identity with a focus on Saudi Arabia’s experiences.</p></li><li><p>Includes interactive activities: <em>Inquiry Discussion</em> on cultural diffusion, <em>Socratic Reflection</em> on youth strategies, and a <em>Reflective Activity</em> linking globalization and Saudi culture.</p></li><li><p>Promotes awareness of globalization’s opportunities and challenges, strategies for cultural preservation, and Vision 2030 initiatives such as Diriyah restoration and cultural tourism.</p></li></ul><p></p>\"}}', '127.0.0.1', NULL, '2025-09-01 07:17:26'),
(366, 1, 'RESOURCE_CREATED', 170, '{\"type\": \"draft\", \"title\": \"U4 L4: Political Decisions and Cultural Landscapes\"}', '127.0.0.1', NULL, '2025-09-01 07:18:28'),
(367, 1, 'RESOURCE_CREATED', 171, '{\"type\": \"draft\", \"title\": \"U1 L1: The Renaissance – Rebirth of Arts and Sciences\"}', '127.0.0.1', NULL, '2025-09-01 07:22:10'),
(368, 1, 'USER_LOGIN', NULL, '{\"role\": \"admin\", \"email\": \"admin@resources.com\"}', '127.0.0.1', NULL, '2025-09-01 22:22:26'),
(369, 1, 'RESOURCE_UPDATED', 171, '{\"updatedFields\": {\"tags\": [\"963\", \"964\", \"1299\", \"1300\"], \"title\": \"U1 L1: The Renaissance – Rebirth of Arts and Sciences\", \"status\": \"draft\", \"type_id\": \"366\", \"grade_id\": \"638\", \"subject_id\": \"436\", \"description\": \"<ul><li><p>This presentation introduces the Renaissance as a period of rebirth in art, science, and literature, exploring its causes, humanism, and contributions to the modern world.</p></li><li><p>Includes interactive activities: <em>Renaissance Fact Sort</em> and <em>Then &amp; Now</em> comparison to link historical and modern advancements.</p></li><li><p>Promotes appreciation of Renaissance art, science, and literature, recognition of Islamic contributions through translation and knowledge transfer, and reflection on how seeking knowledge aligns with Islamic values.</p></li></ul><p></p>\"}}', '127.0.0.1', NULL, '2025-09-01 22:23:22'),
(370, 1, 'RESOURCE_CREATED', 172, '{\"type\": \"draft\", \"title\": \"U1 L2: The Reformation – A Religious Transformation\"}', '127.0.0.1', NULL, '2025-09-01 22:32:11'),
(371, 1, 'RESOURCE_CREATED', 173, '{\"type\": \"draft\", \"title\": \"U1 L3: The Enlightenment – The Rise of Reason\"}', '127.0.0.1', NULL, '2025-09-01 22:53:53'),
(372, 1, 'RESOURCE_CREATED', 174, '{\"type\": \"draft\", \"title\": \"U1 L4: The Scientific Revolution – A New View of the Universe\"}', '127.0.0.1', NULL, '2025-09-01 22:56:11'),
(373, 1, 'RESOURCE_CREATED', 175, '{\"type\": \"draft\", \"title\": \"U2 L1: The Industrial Revolution – A Technological Transformation\"}', '127.0.0.1', NULL, '2025-09-01 23:00:04'),
(374, 1, 'RESOURCE_CREATED', 176, '{\"type\": \"draft\", \"title\": \"U2 L2: European Colonization – Exploration and Empire\"}', '127.0.0.1', NULL, '2025-09-01 23:02:00'),
(375, 1, 'RESOURCE_CREATED', 177, '{\"type\": \"draft\", \"title\": \"U2 L3: The Spread of Industrialization – A Global Wave\"}', '127.0.0.1', NULL, '2025-09-01 23:04:13'),
(376, 1, 'RESOURCE_CREATED', 178, '{\"type\": \"draft\", \"title\": \"U2 L4: The Economic and Social Consequences of Industrialization\"}', '127.0.0.1', NULL, '2025-09-01 23:19:27'),
(377, 1, 'RESOURCE_CREATED', 179, '{\"type\": \"draft\", \"title\": \"U3 L1: World War I – The Great War\"}', '127.0.0.1', NULL, '2025-09-01 23:26:39'),
(378, 1, 'RESOURCE_CREATED', NULL, '{\"type\": \"draft\", \"title\": \"U3 L2: World War II – Global Conflict\"}', '127.0.0.1', NULL, '2025-09-01 23:32:02'),
(379, 1, 'RESOURCE_CREATED', NULL, '{\"type\": \"draft\", \"title\": \"U3 L2: World War II – Global Conflict\"}', '127.0.0.1', NULL, '2025-09-01 23:36:46'),
(380, 1, 'RESOURCE_CREATED', 182, '{\"type\": \"draft\", \"title\": \"U3 L3: The Cold War – Ideological Confrontation\"}', '127.0.0.1', NULL, '2025-09-01 23:50:46'),
(381, 1, 'USER_LOGIN', NULL, '{\"role\": \"admin\", \"email\": \"admin@resources.com\"}', '127.0.0.1', NULL, '2025-09-01 23:58:54'),
(382, 1, 'USER_LOGIN', NULL, '{\"role\": \"admin\", \"email\": \"admin@resources.com\"}', '127.0.0.1', NULL, '2025-09-02 00:15:33'),
(383, 1, 'USER_LOGIN', NULL, '{\"role\": \"admin\", \"email\": \"admin@resources.com\"}', '127.0.0.1', NULL, '2025-09-02 00:18:39'),
(384, 1, 'RESOURCE_CREATED', NULL, '{\"type\": \"draft\", \"title\": \"U3 L4: Regional Conflicts and Their Global Impact\"}', '127.0.0.1', NULL, '2025-09-02 00:22:32'),
(385, 1, 'RESOURCE_CREATED', NULL, '{\"type\": \"draft\", \"title\": \"U3 L4: Regional Conflicts and Their Global Impact\"}', '127.0.0.1', NULL, '2025-09-02 00:27:08'),
(386, 1, 'USER_LOGIN', NULL, '{\"role\": \"admin\", \"email\": \"admin@resources.com\"}', '127.0.0.1', NULL, '2025-09-02 00:29:55'),
(387, 1, 'RESOURCE_CREATED', NULL, '{\"type\": \"draft\", \"title\": \"U3 L4: Regional Conflicts and Their Global Impact\"}', '127.0.0.1', NULL, '2025-09-02 00:37:08'),
(388, 1, 'RESOURCE_CREATED', 186, '{\"type\": \"draft\", \"title\": \"U3 L4: Regional Conflicts and Their Global Impact\"}', '127.0.0.1', NULL, '2025-09-02 00:38:04'),
(389, 1, 'RESOURCE_DELETED', NULL, '{\"resourceId\": \"183\"}', '127.0.0.1', NULL, '2025-09-02 00:40:41'),
(390, 1, 'RESOURCE_DELETED', NULL, '{\"resourceId\": \"184\"}', '127.0.0.1', NULL, '2025-09-02 00:40:52'),
(391, NULL, 'RESOURCE_DOWNLOADED', 186, '{\"title\": \"U3 L4: Regional Conflicts and Their Global Impact\"}', '127.0.0.1', NULL, '2025-09-02 00:40:56'),
(392, 1, 'RESOURCE_DELETED', NULL, '{\"resourceId\": \"185\"}', '127.0.0.1', NULL, '2025-09-02 00:41:08'),
(393, NULL, 'RESOURCE_DOWNLOADED', 186, '{\"title\": \"U3 L4: Regional Conflicts and Their Global Impact\"}', '127.0.0.1', NULL, '2025-09-02 00:41:14'),
(394, 1, 'RESOURCE_CREATED', 187, '{\"type\": \"draft\", \"title\": \"U4 L1: The Rise of Globalization\"}', '127.0.0.1', NULL, '2025-09-02 00:50:39'),
(395, 1, 'RESOURCE_CREATED', 188, '{\"type\": \"draft\", \"title\": \"U4 L2: Economic Impacts of Globalization\"}', '127.0.0.1', NULL, '2025-09-02 00:52:10'),
(396, 1, 'RESOURCE_CREATED', 189, '{\"type\": \"draft\", \"title\": \"U4 L3: Cultural and Social Impacts of Globalization\"}', '127.0.0.1', NULL, '2025-09-02 00:53:46'),
(397, 1, 'RESOURCE_CREATED', 190, '{\"type\": \"draft\", \"title\": \"U4 L4: Global Issues and International Cooperation\"}', '127.0.0.1', NULL, '2025-09-02 00:54:58'),
(398, 1, 'RESOURCE_DELETED', NULL, '{\"resourceId\": \"181\"}', '127.0.0.1', NULL, '2025-09-02 00:56:21'),
(399, 1, 'RESOURCE_UPDATED', 127, '{\"updatedFields\": {\"tags\": [\"960\", \"967\", \"1097\", \"1341\", \"1008\", \"1057\", \"1058\"], \"title\": \"U4 L2: The Role of Political Boundaries in Cultural Identity\", \"status\": \"draft\", \"type_id\": \"366\", \"grade_id\": \"635\", \"subject_id\": \"436\", \"description\": \"<ul><li><p>This presentation classifies energy resources into renewable and non-renewable, explaining fossil fuels, their pros and cons, and the role of renewable energy sources.</p></li><li><p>Includes interactive activity: <em>Build an Energy Plan</em> where students design strategies for sustainable energy use.</p></li><li><p>Promotes awareness of Saudi Arabia’s Vision 2030 energy strategy, the environmental impact of energy use, and Islamic ethics in responsible consumption.</p></li></ul><p></p>\"}}', '127.0.0.1', NULL, '2025-09-02 01:04:04'),
(400, 1, 'RESOURCE_DELETED', NULL, '{\"resourceId\": \"180\"}', '127.0.0.1', NULL, '2025-09-02 01:13:45'),
(401, 1, 'RESOURCE_UPDATED', 187, '{\"updatedFields\": {\"tags\": [\"963\", \"967\", \"1156\", \"994\", \"1055\", \"1315\"], \"title\": \"U4 L1: The Rise of Globalization\", \"status\": \"draft\", \"type_id\": \"366\", \"grade_id\": \"638\", \"subject_id\": \"436\", \"description\": \"<ul><li><p>This presentation introduces globalization, tracing its roots from the Silk Road through the Age of Exploration and the Industrial Revolution to the modern era.</p></li><li><p>Includes interactive activities: <em>Globalization Sort</em> and <em>Globalization Debate,</em> where students argue whether globalization brings more benefits or harm, using history and Islamic values as evidence.</p></li><li><p>Promotes understanding of the drivers of globalization, its cultural and environmental impacts, and the role of Islamic civilization in shaping global connections.</p></li></ul><p></p>\"}}', '127.0.0.1', NULL, '2025-09-02 01:19:13'),
(402, 1, 'USER_LOGIN', NULL, '{\"role\": \"admin\", \"email\": \"admin@resources.com\"}', '127.0.0.1', NULL, '2025-09-02 01:20:00');
INSERT INTO `activity_logs` (`log_id`, `user_id`, `action`, `resource_id`, `details`, `ip_address`, `user_agent`, `created_at`) VALUES
(403, 1, 'RESOURCE_UPDATED', 188, '{\"updatedFields\": {\"tags\": [\"963\", \"967\", \"1156\", \"1294\", \"988\", \"1342\", \"1004\", \"1343\"], \"title\": \"U4 L2: Economic Impacts of Globalization\", \"status\": \"draft\", \"type_id\": \"366\", \"grade_id\": \"638\", \"subject_id\": \"436\", \"description\": \"<ul><li><p>This presentation explores the economic dimensions of globalization, including trade, market access, foreign direct investment, and technology.</p></li><li><p>Includes interactive activities: <em>Cause &amp; Effect Match</em> and <em>Globalization Think Tank,</em> where students design a fair global economy plan guided by Islamic principles.</p></li><li><p>Promotes understanding of the benefits and challenges of globalization, such as income inequality, labor exploitation, and environmental costs, while drawing lessons from China, India, and Saudi Arabia’s Vision 2030.</p></li></ul><p></p>\"}}', '127.0.0.1', NULL, '2025-09-02 01:20:27'),
(404, 1, 'RESOURCE_UPDATED', 189, '{\"updatedFields\": {\"tags\": [\"963\", \"967\", \"1287\", \"1156\", \"1344\", \"1345\", \"1346\"], \"title\": \"U4 L3: Cultural and Social Impacts of Globalization\", \"status\": \"draft\", \"type_id\": \"366\", \"grade_id\": \"638\", \"subject_id\": \"436\", \"description\": \"<ul><li><p>This presentation explores cultural exchange through globalization, including language, fashion, food, and media, alongside Islamic perspectives on cultural diversity.</p></li><li><p>Includes interactive activities: <em>Global Culture Map</em> and <em>Cultural Preservation Task Force,</em> where teams propose plans to protect traditions while engaging globally.</p></li><li><p>Promotes awareness of the risks of cultural homogenization, support for indigenous voices, the role of digital media in empowerment, and the importance of cultural solidarity.</p></li></ul><p></p>\"}}', '127.0.0.1', NULL, '2025-09-02 01:21:24'),
(405, 1, 'RESOURCE_UPDATED', 190, '{\"updatedFields\": {\"tags\": [\"963\", \"967\", \"1347\", \"1348\", \"1145\", \"1349\", \"1160\", \"1011\"], \"title\": \"U4 L4: Global Issues and International Cooperation\", \"status\": \"draft\", \"type_id\": \"366\", \"grade_id\": \"638\", \"subject_id\": \"436\", \"description\": \"<ul><li><p>This presentation examines key global issues such as climate change, pandemics, and international security, highlighting the importance of cooperation through global agreements and organizations.</p></li><li><p>Includes interactive activities: <em>Global Crisis Simulation</em> and <em>Match the Organization to the Role</em> exercise, along with case studies on COVID-19 and the Paris Agreement.</p></li><li><p>Promotes awareness of shared global responsibilities, Islamic principles of environmental stewardship, and the value of collaboration in building peace and resilience.</p></li></ul><p></p>\"}}', '127.0.0.1', NULL, '2025-09-02 01:22:27'),
(406, 61, 'USER_LOGIN', NULL, '{\"role\": \"school\", \"email\": \"school@school.com\"}', '127.0.0.1', NULL, '2025-09-02 01:39:22'),
(407, 61, 'USER_LOGIN', NULL, '{\"role\": \"school\", \"email\": \"school@school.com\"}', '127.0.0.1', NULL, '2025-09-02 01:39:37'),
(408, 1, 'USER_LOGIN', NULL, '{\"role\": \"admin\", \"email\": \"admin@resources.com\"}', '127.0.0.1', NULL, '2025-09-02 01:50:49'),
(409, NULL, 'RESOURCE_DOWNLOADED', 66, '{\"title\": \"U3 L1: What Is Global Citizenship?\"}', '127.0.0.1', NULL, '2025-09-02 01:51:00'),
(410, 1, 'RESOURCE_CREATED', 192, '{\"type\": \"draft\", \"title\": \"U3 L2: World War II – Global Conflict\"}', '127.0.0.1', NULL, '2025-09-02 02:04:47'),
(411, NULL, 'RESOURCE_DOWNLOADED', 187, '{\"title\": \"U4 L1: The Rise of Globalization\"}', '127.0.0.1', NULL, '2025-09-02 02:21:27'),
(412, 57, 'USER_LOGIN', NULL, '{\"role\": \"admin\", \"email\": \"info@bylinelearning.com\"}', '127.0.0.1', NULL, '2025-09-02 02:43:11'),
(413, 1, 'USER_LOGIN', NULL, '{\"role\": \"admin\", \"email\": \"admin@resources.com\"}', '127.0.0.1', NULL, '2025-09-02 02:55:58'),
(414, 1, 'USER_LOGIN', NULL, '{\"role\": \"admin\", \"email\": \"admin@resources.com\"}', '127.0.0.1', NULL, '2025-09-02 03:04:07'),
(415, 1, 'USER_LOGIN', NULL, '{\"role\": \"admin\", \"email\": \"admin@resources.com\"}', '127.0.0.1', NULL, '2025-09-02 03:06:44'),
(416, 1, 'USER_LOGIN', NULL, '{\"role\": \"admin\", \"email\": \"admin@resources.com\"}', '127.0.0.1', NULL, '2025-09-02 03:07:21'),
(417, 57, 'USER_LOGIN', NULL, '{\"role\": \"admin\", \"email\": \"info@bylinelearning.com\"}', '127.0.0.1', NULL, '2025-09-02 03:31:37'),
(418, 57, 'ADMIN_CREATE_SCHOOL', NULL, '{\"email\": \"info1@bylinelearning.com\", \"organization\": \"test001\", \"createdUserId\": 160}', '127.0.0.1', NULL, '2025-09-02 03:32:14'),
(419, 160, 'USER_LOGIN', NULL, '{\"role\": \"school\", \"email\": \"info1@bylinelearning.com\"}', '127.0.0.1', NULL, '2025-09-02 03:32:23'),
(420, 1, 'USER_LOGIN', NULL, '{\"role\": \"admin\", \"email\": \"admin@resources.com\"}', '127.0.0.1', NULL, '2025-09-02 03:42:19'),
(421, 1, 'USER_LOGIN', NULL, '{\"role\": \"admin\", \"email\": \"admin@resources.com\"}', '127.0.0.1', NULL, '2025-09-02 04:01:56'),
(422, 1, 'ADMIN_CREATE_SCHOOL', NULL, '{\"email\": \"test@gmail.com\", \"organization\": \"test0001\", \"createdUserId\": 161}', '127.0.0.1', NULL, '2025-09-02 04:02:59'),
(423, 161, 'USER_LOGIN', NULL, '{\"role\": \"school\", \"email\": \"test@gmail.com\"}', '127.0.0.1', NULL, '2025-09-02 04:03:08'),
(424, NULL, 'RESOURCE_DOWNLOADED', 23, '{\"title\": \"U1 L2: My School and My Friends\"}', '127.0.0.1', NULL, '2025-09-02 04:03:19'),
(425, 1, 'USER_LOGIN', NULL, '{\"role\": \"admin\", \"email\": \"admin@resources.com\"}', '127.0.0.1', NULL, '2025-09-02 04:03:31'),
(426, 161, 'USER_LOGIN', NULL, '{\"role\": \"school\", \"email\": \"test@gmail.com\"}', '127.0.0.1', NULL, '2025-09-02 04:14:21'),
(427, NULL, 'RESOURCE_DOWNLOADED', 23, '{\"title\": \"U1 L2: My School and My Friends\"}', '127.0.0.1', NULL, '2025-09-02 04:14:29'),
(428, NULL, 'RESOURCE_DOWNLOADED', 24, '{\"title\": \"U1 L3: My Community Helpers\"}', '127.0.0.1', NULL, '2025-09-02 04:14:39'),
(429, 1, 'USER_LOGIN', NULL, '{\"role\": \"admin\", \"email\": \"admin@resources.com\"}', '127.0.0.1', NULL, '2025-09-02 04:15:02'),
(430, 161, 'USER_LOGIN', NULL, '{\"role\": \"school\", \"email\": \"test@gmail.com\"}', '127.0.0.1', NULL, '2025-09-02 04:15:11'),
(431, NULL, 'RESOURCE_DOWNLOADED', 22, '{\"title\": \"U1 L1: Family and Home\"}', '127.0.0.1', NULL, '2025-09-02 04:15:24'),
(432, 1, 'USER_LOGIN', NULL, '{\"role\": \"admin\", \"email\": \"admin@resources.com\"}', '127.0.0.1', NULL, '2025-09-02 04:15:36'),
(433, NULL, 'RESOURCE_DOWNLOADED', 50, '{\"title\": \"U4 L2: Helping Others in Need\"}', '127.0.0.1', NULL, '2025-09-02 04:16:28'),
(434, NULL, 'RESOURCE_DOWNLOADED', 23, '{\"title\": \"U1 L2: My School and My Friends\"}', '127.0.0.1', NULL, '2025-09-02 04:16:45'),
(435, 161, 'USER_LOGIN', NULL, '{\"role\": \"school\", \"email\": \"test@gmail.com\"}', '127.0.0.1', NULL, '2025-09-02 04:34:03'),
(436, NULL, 'RESOURCE_DOWNLOADED', 22, '{\"title\": \"U1 L1: Family and Home\"}', '127.0.0.1', NULL, '2025-09-02 04:34:22'),
(437, 161, 'USER_LOGIN', NULL, '{\"role\": \"school\", \"email\": \"test@gmail.com\"}', '127.0.0.1', NULL, '2025-09-02 04:35:29'),
(438, NULL, 'RESOURCE_DOWNLOADED', 22, '{\"title\": \"U1 L1: Family and Home\"}', '127.0.0.1', NULL, '2025-09-02 04:36:24'),
(439, 1, 'USER_LOGIN', NULL, '{\"role\": \"admin\", \"email\": \"admin@resources.com\"}', '127.0.0.1', NULL, '2025-09-02 04:37:42'),
(440, 1, 'USER_LOGIN', NULL, '{\"role\": \"admin\", \"email\": \"admin@resources.com\"}', '127.0.0.1', NULL, '2025-09-02 04:58:57'),
(441, 1, 'USER_LOGIN', NULL, '{\"role\": \"admin\", \"email\": \"admin@resources.com\"}', '127.0.0.1', NULL, '2025-09-02 05:00:21'),
(442, NULL, 'RESOURCE_DOWNLOADED', 33, '{\"title\": \"U4 L2: Money and Fairness\"}', '127.0.0.1', NULL, '2025-09-02 05:00:38'),
(443, 161, 'USER_LOGIN', NULL, '{\"role\": \"school\", \"email\": \"test@gmail.com\"}', '127.0.0.1', NULL, '2025-09-02 05:01:08'),
(444, 1, 'USER_LOGIN', NULL, '{\"role\": \"admin\", \"email\": \"admin@resources.com\"}', '127.0.0.1', NULL, '2025-09-02 05:03:26'),
(445, 160, 'USER_LOGIN', NULL, '{\"role\": \"school\", \"email\": \"info1@bylinelearning.com\"}', '127.0.0.1', NULL, '2025-09-02 05:47:36'),
(446, NULL, 'RESOURCE_DOWNLOADED', 24, '{\"title\": \"U1 L3: My Community Helpers\"}', '127.0.0.1', NULL, '2025-09-02 05:47:54'),
(447, 1, 'USER_LOGIN', NULL, '{\"role\": \"admin\", \"email\": \"admin@resources.com\"}', '127.0.0.1', NULL, '2025-09-02 05:48:06'),
(448, 160, 'USER_LOGIN', NULL, '{\"role\": \"school\", \"email\": \"info1@bylinelearning.com\"}', '127.0.0.1', NULL, '2025-09-02 05:53:36'),
(449, NULL, 'RESOURCE_DOWNLOADED', 22, '{\"title\": \"U1 L1: Family and Home\"}', '127.0.0.1', NULL, '2025-09-02 05:53:42'),
(450, 1, 'USER_LOGIN', NULL, '{\"role\": \"admin\", \"email\": \"admin@resources.com\"}', '127.0.0.1', NULL, '2025-09-02 05:53:56'),
(451, 1, 'USER_LOGIN', NULL, '{\"role\": \"admin\", \"email\": \"admin@resources.com\"}', '127.0.0.1', NULL, '2025-09-02 15:00:12'),
(452, 1, 'USER_LOGIN', NULL, '{\"role\": \"admin\", \"email\": \"admin@resources.com\"}', '127.0.0.1', NULL, '2025-09-02 23:03:42'),
(453, 1, 'ADMIN_CREATE_SCHOOL', NULL, '{\"email\": \"test1@gmail.com\", \"organization\": \"sdf\", \"createdUserId\": 171}', '127.0.0.1', NULL, '2025-09-03 01:38:34'),
(454, 1, 'USER_LOGIN', NULL, '{\"role\": \"admin\", \"email\": \"admin@resources.com\"}', '127.0.0.1', NULL, '2025-09-03 01:40:59'),
(455, 160, 'USER_LOGIN', NULL, '{\"role\": \"school\", \"email\": \"info1@bylinelearning.com\"}', '127.0.0.1', NULL, '2025-09-03 01:41:08'),
(456, NULL, 'RESOURCE_DOWNLOADED', 23, '{\"title\": \"U1 L2: My School and My Friends\"}', '127.0.0.1', NULL, '2025-09-03 01:41:14'),
(457, 1, 'USER_LOGIN', NULL, '{\"role\": \"admin\", \"email\": \"admin@resources.com\"}', '127.0.0.1', NULL, '2025-09-03 01:41:30'),
(458, 161, 'USER_LOGIN', NULL, '{\"role\": \"school\", \"email\": \"test@gmail.com\"}', '127.0.0.1', NULL, '2025-09-03 02:42:27'),
(459, NULL, 'RESOURCE_DOWNLOADED', 23, '{\"title\": \"U1 L2: My School and My Friends\"}', '127.0.0.1', NULL, '2025-09-03 02:42:38'),
(460, 1, 'USER_LOGIN', NULL, '{\"role\": \"admin\", \"email\": \"admin@resources.com\"}', '127.0.0.1', NULL, '2025-09-03 02:42:54'),
(461, 1, 'USER_LOGIN', NULL, '{\"role\": \"admin\", \"email\": \"admin@resources.com\"}', '127.0.0.1', NULL, '2025-09-03 02:53:30'),
(462, 1, 'ADMIN_CREATE_SCHOOL', NULL, '{\"email\": \"admdfgin@resources.com\", \"organization\": \"dfg\", \"createdUserId\": 174}', '127.0.0.1', NULL, '2025-09-03 03:06:37'),
(463, 1, 'USER_LOGIN', NULL, '{\"role\": \"admin\", \"email\": \"admin@resources.com\"}', '127.0.0.1', NULL, '2025-09-03 04:53:17'),
(464, 171, 'USER_LOGIN', NULL, '{\"role\": \"school\", \"email\": \"test1@gmail.com\"}', '127.0.0.1', NULL, '2025-09-03 04:53:28'),
(465, NULL, 'RESOURCE_DOWNLOADED', 22, '{\"title\": \"U1 L1: Family and Home\"}', '127.0.0.1', NULL, '2025-09-03 04:53:34'),
(466, 1, 'USER_LOGIN', NULL, '{\"role\": \"admin\", \"email\": \"admin@resources.com\"}', '127.0.0.1', NULL, '2025-09-03 05:26:39'),
(467, NULL, 'RESOURCE_DOWNLOADED', 31, '{\"title\": \"U3 L2: Taking Care of Our World\"}', '127.0.0.1', NULL, '2025-09-03 06:16:26'),
(468, 1, 'USER_LOGIN', NULL, '{\"role\": \"admin\", \"email\": \"admin@resources.com\"}', '127.0.0.1', NULL, '2025-09-04 02:13:42'),
(469, 61, 'USER_LOGIN', NULL, '{\"role\": \"school\", \"email\": \"school@school.com\"}', '127.0.0.1', NULL, '2025-09-04 04:13:00'),
(470, 1, 'USER_LOGIN', NULL, '{\"role\": \"admin\", \"email\": \"admin@resources.com\"}', '127.0.0.1', NULL, '2025-09-04 04:13:19'),
(471, NULL, 'RESOURCE_DOWNLOADED', 47, '{\"title\": \"U3 L2: Weather and Seasons in Saudi Arabia\"}', '127.0.0.1', NULL, '2025-09-04 06:01:08'),
(472, 57, 'USER_LOGIN', NULL, '{\"role\": \"admin\", \"email\": \"info@bylinelearning.com\"}', '127.0.0.1', NULL, '2025-09-05 01:54:12'),
(473, 1, 'USER_LOGIN', NULL, '{\"role\": \"admin\", \"email\": \"admin@resources.com\"}', '127.0.0.1', NULL, '2025-09-07 22:17:59'),
(474, 1, 'USER_LOGIN', NULL, '{\"role\": \"admin\", \"email\": \"admin@resources.com\"}', '127.0.0.1', NULL, '2025-09-07 23:10:49'),
(475, 1, 'USER_LOGIN', NULL, '{\"role\": \"admin\", \"email\": \"admin@resources.com\"}', '127.0.0.1', NULL, '2025-09-07 23:11:15'),
(476, 61, 'USER_LOGIN', NULL, '{\"role\": \"school\", \"email\": \"school@school.com\"}', '127.0.0.1', NULL, '2025-09-07 23:12:33'),
(477, 61, 'USER_LOGIN', NULL, '{\"role\": \"school\", \"email\": \"school@school.com\"}', '127.0.0.1', NULL, '2025-09-09 01:19:36'),
(478, NULL, 'RESOURCE_DOWNLOADED', 22, '{\"title\": \"U1 L1: Family and Home\"}', '127.0.0.1', NULL, '2025-09-09 01:20:26'),
(479, 1, 'USER_LOGIN', NULL, '{\"role\": \"admin\", \"email\": \"admin@resources.com\"}', '127.0.0.1', NULL, '2025-09-09 04:09:37'),
(480, 1, 'USER_LOGIN', NULL, '{\"role\": \"admin\", \"email\": \"admin@resources.com\"}', '127.0.0.1', NULL, '2025-09-09 05:46:03'),
(481, 1, 'USER_LOGIN', NULL, '{\"role\": \"admin\", \"email\": \"admin@resources.com\"}', '127.0.0.1', NULL, '2025-09-20 03:29:32'),
(482, 1, 'USER_LOGIN', NULL, '{\"role\": \"admin\", \"email\": \"admin@resources.com\"}', '127.0.0.1', NULL, '2025-09-20 04:47:44'),
(483, 1, 'USER_LOGIN', NULL, '{\"role\": \"admin\", \"email\": \"admin@resources.com\"}', '127.0.0.1', NULL, '2025-09-25 02:51:41'),
(484, 1, 'USER_LOGIN', NULL, '{\"role\": \"admin\", \"email\": \"admin@resources.com\"}', '127.0.0.1', NULL, '2025-09-25 02:54:45'),
(485, 1, 'USER_LOGIN', NULL, '{\"role\": \"admin\", \"email\": \"admin@resources.com\"}', '127.0.0.1', NULL, '2025-09-30 06:50:10'),
(486, 61, 'USER_LOGIN', NULL, '{\"role\": \"school\", \"email\": \"school@school.com\"}', '127.0.0.1', NULL, '2025-09-30 06:52:19'),
(487, 1, 'USER_LOGIN', NULL, '{\"role\": \"admin\", \"email\": \"admin@resources.com\"}', '127.0.0.1', NULL, '2025-09-30 06:52:42'),
(488, 1, 'ADMIN_CREATE_SCHOOL', NULL, '{\"email\": \"shweta@kodeit.com\", \"organization\": \"KODEIT Social Science\", \"createdUserId\": 229}', '127.0.0.1', NULL, '2025-09-30 06:57:10'),
(489, 229, 'USER_LOGIN', NULL, '{\"role\": \"school\", \"email\": \"shweta@kodeit.com\"}', '127.0.0.1', NULL, '2025-09-30 06:57:41'),
(490, 61, 'USER_LOGIN', NULL, '{\"role\": \"school\", \"email\": \"school@school.com\"}', '127.0.0.1', NULL, '2025-09-30 06:59:09'),
(491, 1, 'USER_LOGIN', NULL, '{\"role\": \"admin\", \"email\": \"admin@resources.com\"}', '127.0.0.1', NULL, '2025-09-30 06:59:19'),
(492, 1, 'RESOURCE_UPDATED', 34, '{\"updatedFields\": {\"tags\": [\"951\", \"952\", \"967\"], \"title\": \"U4 L3: Sharing and Helping Others\", \"status\": \"published\", \"type_id\": \"366\", \"grade_id\": \"627\", \"subject_id\": \"436\", \"description\": \"<ul><li><p>This presentation on <strong>Sharing and Helping Others</strong> introduces students to the meaning of sharing, the concept of Zakat, and everyday ways to help others.</p></li><li><p>Includes interactive activities: Sharing Circle Time, One Good Deed a Day calendar, and a story on the Prophet’s (PBUH) kindness.</p></li><li><p>Promotes kindness, charity, and Islamic values of helping and caring for others.</p></li></ul><p></p>\"}}', '127.0.0.1', NULL, '2025-09-30 06:59:33'),
(493, 1, 'USER_LOGIN', NULL, '{\"role\": \"admin\", \"email\": \"admin@resources.com\"}', '127.0.0.1', NULL, '2025-09-30 07:00:28'),
(494, 1, 'RESOURCE_UPDATED', 49, '{\"updatedFields\": {\"tags\": [\"951\", \"953\", \"967\"], \"title\": \"U4 L1: What Do We Need and What Do We Want?\", \"status\": \"published\", \"type_id\": \"366\", \"grade_id\": \"628\", \"subject_id\": \"436\", \"description\": \"<ul><li><p>This presentation on <strong>Needs and Wants</strong> helps students understand the difference between essential needs like food, water, clothes, and shelter, and non-essential wants.</p></li></ul><ul><li><p>Includes interactive activities: Needs and Wants sorting, Draw a Smart Choice, and Gratitude Circle sharing.</p></li><li><p>Promotes responsibility, gratitude, and making wise choices in daily life.</p></li></ul><p></p>\"}}', '127.0.0.1', NULL, '2025-09-30 07:01:25'),
(495, 1, 'RESOURCE_UPDATED', 59, '{\"updatedFields\": {\"tags\": [\"951\", \"954\", \"966\", \"968\", \"990\", \"991\", \"992\"], \"title\": \"U3 L3: Celebrating Our Diversity\", \"status\": \"published\", \"type_id\": \"366\", \"grade_id\": \"629\", \"subject_id\": \"436\", \"description\": \"<ul><li><p>This presentation on <strong>Diversity</strong> introduces students to differences in food, languages, clothes, and celebrations, and explains how inclusive communities welcome and respect everyone.</p></li></ul><ul><li><p>Includes interactive activities: Cultural Celebration Collage, Diversity Tree, Tradition Show-and-Tell, and “Say Hello” in different languages.</p></li><li><p>Promotes kindness, respect, inclusion, and appreciation of cultural traditions.</p></li></ul><p></p>\"}}', '127.0.0.1', NULL, '2025-09-30 07:01:36'),
(496, 229, 'USER_LOGIN', NULL, '{\"role\": \"school\", \"email\": \"shweta@kodeit.com\"}', '127.0.0.1', NULL, '2025-09-30 07:02:15'),
(497, 1, 'USER_LOGIN', NULL, '{\"role\": \"admin\", \"email\": \"admin@resources.com\"}', '127.0.0.1', NULL, '2025-09-30 07:03:15'),
(498, 1, 'RESOURCE_UPDATED', 33, '{\"updatedFields\": {\"tags\": [\"951\", \"952\", \"967\"], \"title\": \"U4 L2: Money and Fairness\", \"status\": \"published\", \"type_id\": \"366\", \"grade_id\": \"627\", \"subject_id\": \"436\", \"description\": \"<ul><li><p>This presentation on <strong>Money and Fairness</strong> introduces students to the concept of money, trade, markets, and the importance of honesty in buying and selling.</p></li><li><p>Includes interactive activities: classroom mini-market role play, market scene coloring, and a story on honesty.</p></li><li><p>Promotes awareness of needs vs. wants, fairness in trade, and Islamic values of honesty.</p></li></ul><p></p>\"}}', '127.0.0.1', NULL, '2025-09-30 07:04:40'),
(499, 1, 'RESOURCE_UPDATED', 50, '{\"updatedFields\": {\"tags\": [\"951\", \"953\", \"967\"], \"title\": \"U4 L2: Helping Others in Need\", \"status\": \"published\", \"type_id\": \"366\", \"grade_id\": \"628\", \"subject_id\": \"436\", \"description\": \"<ul><li><p>This presentation on <strong>Helping Others in Need</strong> introduces the uses of money—saving, spending, and charity—and explains the importance of helping those with less.</p></li></ul><ul><li><p>Includes interactive activities: Match the Action game and Plan Your Act of Kindness drawing task.</p></li><li><p>Promotes kindness, generosity, and understanding of charity and Zakat as part of Islamic values.</p></li></ul><p></p>\"}}', '127.0.0.1', NULL, '2025-09-30 07:04:52'),
(500, 1, 'RESOURCE_CREATED', 193, '{\"type\": \"draft\", \"title\": \"Sample Resource\"}', '127.0.0.1', NULL, '2025-09-30 07:15:07'),
(501, 1, 'RESOURCE_UPDATED', 193, '{\"updatedFields\": {\"title\": \"Sample Resource\", \"status\": \"draft\", \"type_id\": \"366\", \"grade_id\": \"627\", \"subject_id\": \"434\", \"description\": \"<ul><li><p>This presentation on <strong>Sharing and Helping Others</strong> introduces students to the meaning of sharing, the concept of Zakat, and everyday ways to help others.</p></li><li><p>Includes interactive activities: Sharing Circle Time, One Good Deed a Day calendar, and a story on the Prophet’s (PBUH) kindness.</p></li><li><p>Promotes kindness, charity, and Islamic values of helping and caring for others.</p></li></ul><p></p>\"}}', '127.0.0.1', NULL, '2025-09-30 07:15:45'),
(502, 1, 'RESOURCE_UPDATED', 193, '{\"updatedFields\": {\"title\": \"Sample Resource\", \"status\": \"draft\", \"type_id\": \"366\", \"grade_id\": \"627\", \"subject_id\": \"434\", \"description\": \"<ul><li><p>This presentation on <strong>Sharing and Helping Others</strong> introduces students to the meaning of sharing, the concept of Zakat, and everyday ways to help others.</p></li><li><p>Includes interactive activities: Sharing Circle Time, One Good Deed a Day calendar, and a story on the Prophet’s (PBUH) kindness.</p></li><li><p>Promotes kindness, charity, and Islamic values of helping and caring for others.</p></li></ul><p></p>\"}}', '127.0.0.1', NULL, '2025-09-30 07:15:57');

-- --------------------------------------------------------

--
-- Table structure for table `grades`
--

CREATE TABLE `grades` (
  `grade_id` int NOT NULL,
  `grade_level` varchar(50) NOT NULL,
  `grade_number` int NOT NULL,
  `description` text,
  `created_at` datetime DEFAULT CURRENT_TIMESTAMP
) ENGINE=InnoDB DEFAULT CHARSET=utf8mb4 COLLATE=utf8mb4_0900_ai_ci;

--
-- Dumping data for table `grades`
--

INSERT INTO `grades` (`grade_id`, `grade_level`, `grade_number`, `description`, `created_at`) VALUES
(627, 'Grade 1', 1, 'Educational resources for Grade 1 students', '2025-08-20 05:25:06'),
(628, 'Grade 2', 2, 'Educational resources for Grade 2 students', '2025-08-20 05:25:06'),
(629, 'Grade 3', 3, 'Educational resources for Grade 3 students', '2025-08-20 05:25:06'),
(630, 'Grade 4', 4, 'Educational resources for Grade 4 students', '2025-08-20 05:25:06'),
(631, 'Grade 5', 5, 'Educational resources for Grade 5 students', '2025-08-20 05:25:06'),
(632, 'Grade 6', 6, 'Educational resources for Grade 6 students', '2025-08-20 05:25:06'),
(633, 'Grade 7', 7, 'Educational resources for Grade 7 students', '2025-08-20 05:25:06'),
(634, 'Grade 8', 8, 'Educational resources for Grade 8 students', '2025-08-20 05:25:06'),
(635, 'Grade 9', 9, 'Educational resources for Grade 9 students', '2025-08-20 05:25:06'),
(636, 'Grade 10', 10, 'Educational resources for Grade 10 students', '2025-08-20 05:25:06'),
(637, 'Grade 11', 11, 'Educational resources for Grade 11 students', '2025-08-20 05:25:06'),
(638, 'Grade 12', 12, 'Educational resources for Grade 12 students', '2025-08-20 05:25:06');

-- --------------------------------------------------------

--
-- Table structure for table `grade_resource_distribution`
--

CREATE TABLE `grade_resource_distribution` (
  `draft_resources` bigint DEFAULT NULL,
  `featured_resources` bigint DEFAULT NULL,
  `grade_id` int DEFAULT NULL,
  `grade_level` varchar(50) COLLATE utf8mb4_unicode_ci DEFAULT NULL,
  `grade_number` int DEFAULT NULL,
  `published_resources` bigint DEFAULT NULL,
  `total_downloads` decimal(32,0) DEFAULT NULL,
  `total_likes` decimal(32,0) DEFAULT NULL,
  `total_resources` bigint DEFAULT NULL,
  `total_views` decimal(32,0) DEFAULT NULL
) ENGINE=InnoDB DEFAULT CHARSET=utf8mb4 COLLATE=utf8mb4_unicode_ci;

-- --------------------------------------------------------

--
-- Table structure for table `notifications`
--

CREATE TABLE `notifications` (
  `notification_id` int NOT NULL,
  `user_id` int NOT NULL,
  `type` varchar(50) NOT NULL,
  `title` varchar(255) NOT NULL,
  `message` text NOT NULL,
  `resource_id` int DEFAULT NULL,
  `is_read` tinyint(1) DEFAULT '0',
  `created_at` datetime DEFAULT CURRENT_TIMESTAMP
) ENGINE=InnoDB DEFAULT CHARSET=utf8mb4 COLLATE=utf8mb4_0900_ai_ci;

-- --------------------------------------------------------

--
-- Table structure for table `popular_resources`
--

CREATE TABLE `popular_resources` (
  `author_name` varchar(100) COLLATE utf8mb4_unicode_ci DEFAULT NULL,
  `author_organization` varchar(255) COLLATE utf8mb4_unicode_ci DEFAULT NULL,
  `comments` int DEFAULT NULL,
  `created_at` datetime DEFAULT NULL,
  `description` text COLLATE utf8mb4_unicode_ci,
  `download_count` int DEFAULT NULL,
  `grade_level` varchar(50) COLLATE utf8mb4_unicode_ci DEFAULT NULL,
  `is_featured` tinyint(1) DEFAULT NULL,
  `likes` int DEFAULT NULL,
  `resource_id` int DEFAULT NULL,
  `subject_name` varchar(100) COLLATE utf8mb4_unicode_ci DEFAULT NULL,
  `title` varchar(255) COLLATE utf8mb4_unicode_ci DEFAULT NULL,
  `type_name` varchar(50) COLLATE utf8mb4_unicode_ci DEFAULT NULL,
  `view_count` int DEFAULT NULL
) ENGINE=InnoDB DEFAULT CHARSET=utf8mb4 COLLATE=utf8mb4_unicode_ci;

-- --------------------------------------------------------

--
-- Table structure for table `recent_activity`
--

CREATE TABLE `recent_activity` (
  `activity_time` datetime DEFAULT NULL,
  `activity_type` varchar(19) COLLATE utf8mb4_unicode_ci DEFAULT NULL,
  `resource_id` int DEFAULT NULL,
  `title` varchar(255) COLLATE utf8mb4_unicode_ci DEFAULT NULL,
  `user_name` varchar(100) COLLATE utf8mb4_unicode_ci DEFAULT NULL,
  `user_role` varchar(6) COLLATE utf8mb4_unicode_ci DEFAULT NULL
) ENGINE=InnoDB DEFAULT CHARSET=utf8mb4 COLLATE=utf8mb4_unicode_ci;

-- --------------------------------------------------------

--
-- Table structure for table `resources`
--

CREATE TABLE `resources` (
  `resource_id` int NOT NULL,
  `title` varchar(255) NOT NULL,
  `description` text,
  `type_id` int NOT NULL,
  `subject_id` int NOT NULL,
  `grade_id` int NOT NULL,
  `created_by` int NOT NULL,
  `file_path` varchar(500) NOT NULL,
  `file_name` varchar(255) NOT NULL,
  `file_size` bigint NOT NULL,
  `file_extension` varchar(20) NOT NULL,
  `preview_image` varchar(500) DEFAULT NULL,
  `status` enum('draft','published','archived') DEFAULT 'draft',
  `download_count` int DEFAULT '0',
  `view_count` int DEFAULT '0',
  `likes` int DEFAULT '0',
  `comments` int DEFAULT '0',
  `is_featured` tinyint(1) DEFAULT '0',
  `created_at` datetime DEFAULT CURRENT_TIMESTAMP,
  `updated_at` datetime DEFAULT CURRENT_TIMESTAMP ON UPDATE CURRENT_TIMESTAMP,
  `display_order` int DEFAULT '0'
) ENGINE=InnoDB DEFAULT CHARSET=utf8mb4 COLLATE=utf8mb4_0900_ai_ci;

--
-- Dumping data for table `resources`
--

INSERT INTO `resources` (`resource_id`, `title`, `description`, `type_id`, `subject_id`, `grade_id`, `created_by`, `file_path`, `file_name`, `file_size`, `file_extension`, `preview_image`, `status`, `download_count`, `view_count`, `likes`, `comments`, `is_featured`, `created_at`, `updated_at`, `display_order`) VALUES
(22, 'U1 L1: Family and Home', '<ul><li><p>This presentation on <strong>Family and Home</strong> introduces young learners to family roles, traditions, and the meaning of home.</p></li><li><p>Includes engaging activities: family tree drawing, sharing special traditions, and creating a home collage or picture.</p></li><li><p>Encourages interactive classroom discussions and reflection, concluding with a review and a class family song.</p></li></ul><p></p>', 366, 436, 627, 1, 'backend/uploads/1756474800857-6f2b4fce-c6bb-4295-898a-64def4bc2c0d.pptx', 'SS_G1_U1_L1_MN_V1.3.pptx', 8726783, 'pptx', 'backend/uploads/1756475981335-7123d817-fbb1-4d4b-86fe-0dc9e7b806dc.png', 'published', 6, 0, 0, 0, 0, '2025-08-29 06:40:01', '2025-09-09 01:20:26', 151),
(23, 'U1 L2: My School and My Friends', '<ul><li><p>This presentation on <strong>School and Friends</strong> helps students explore the importance of school, classroom spaces, rules, and friendship.</p></li><li><p>Includes interactive activities: drawing the school, role-playing school rules, and creating a “Friendship Flower.”</p></li><li><p>Promotes teamwork, kindness, and understanding of school life through engaging visuals and collaborative tasks.</p></li></ul><p></p>', 366, 436, 627, 1, 'backend/uploads/1756475312340-446adc03-5814-42e1-85b0-11bffbbf64f7.pptx', 'SS_G1_U1_L2_MN_V1.3.pptx', 4995811, 'pptx', 'backend/uploads/1756475312367-bb54d25b-aaf3-4aba-a67c-f3048e2243b3.png', 'published', 5, 0, 0, 0, 0, '2025-08-29 06:48:32', '2025-09-03 02:42:38', 150),
(24, 'U1 L3: My Community Helpers', '<ul><li><p>This presentation on <strong>Community Helpers</strong> introduces students to important roles such as doctor, teacher, police, firefighter, sanitation worker, and construction worker.</p></li><li><p>Includes interactive activities: design your own helper badge, play a circle time game, and write a thank-you note.</p></li><li><p>Encourages values of gratitude, respect, and responsibility, while helping students understand how helpers keep communities safe and strong.</p></li></ul><p></p>', 366, 436, 627, 1, 'backend/uploads/1756475608786-2542e998-4af6-44d0-beab-9ab910cb6694.pptx', 'SS_G1_U1_L3.pptx', 4053562, 'pptx', 'backend/uploads/1756475608807-868af400-ad73-4892-859f-9db24eea8884.png', 'published', 2, 0, 0, 0, 0, '2025-08-29 06:53:28', '2025-09-02 05:47:54', 149),
(27, 'U2 L1: Our Country, Saudi Arabia', '<ul><li><p>This presentation on <strong>Saudi Arabia</strong> introduces students to the country’s history, leaders, land, neighbors, and major regions.</p></li><li><p>Includes interactive activities: locating Saudi Arabia on a map, sharing travel experiences, coloring the flag, and singing together.</p></li><li><p>Promotes national pride, respect, and love for the homeland through engaging classroom experiences.</p></li></ul><p></p>', 366, 436, 627, 1, 'backend/uploads/1756529749695-fc8dc444-5acf-4a68-9912-b25f808784ef.pptx', 'SS_G1_U2_L1.pptx', 6212562, 'pptx', 'backend/uploads/1756529749727-4e5bf327-2931-4b79-b6db-ecab5776758f.png', 'draft', 0, 0, 0, 0, 0, '2025-08-29 21:55:49', '2025-09-02 01:41:13', 148),
(28, 'U2 L2: Saudi Arabia and Its People', '<ul><li><p>This presentation on <strong>Important Places in</strong> <strong>Saudi Arabia</strong> introduces students to the holy cities of Makkah and Madinah, as well as the capital city Riyadh.</p></li><li><p>Includes interactive activities: drawing and coloring the Kaaba, a city landmark match-up game, and creating a Saudi City Passport.</p></li><li><p>Promotes respect for holy places, awareness of important landmarks, and love for the country.</p></li></ul><p></p>', 366, 436, 627, 1, 'backend/uploads/1756531992829-217ea222-6288-46ae-9efe-592e5b41e45c.pptx', 'SS_G1_U2_L2.pptx', 7140363, 'pptx', 'backend/uploads/1756531992867-2f3f801e-0c43-4137-abe7-49a20229cecf.png', 'draft', 0, 0, 0, 0, 0, '2025-08-29 22:33:12', '2025-09-02 01:41:13', 147),
(29, 'U2 L3: Saudi Heroes', '<ul><li><p>This presentation on <strong>Saudi Heroes</strong> introduces students to King Abdulaziz as the founding father and highlights his leadership in unifying the nation.</p></li><li><p>Includes interactive activities: creating a Leader’s Crown, reflecting on leadership qualities, and using a “Leadership Mirror” to see themselves as leaders.</p></li><li><p>Promotes values of courage, responsibility, kindness, and honesty while encouraging students to recognize their own leadership potential.</p></li></ul><p></p>', 366, 436, 627, 1, 'backend/uploads/1756533147380-5707cef8-f547-43f3-825e-55cfcb53d0f1.pptx', 'SS_G1_U2_L3.pptx', 4530424, 'pptx', 'backend/uploads/1756533147403-48ce3960-1f28-43ea-9190-be7b08b47c40.png', 'draft', 0, 0, 0, 0, 0, '2025-08-29 22:52:27', '2025-09-02 01:41:13', 146),
(30, 'U3 L1: Landforms and Water', '<ul><li><p>This presentation on <strong>Landforms and Water</strong> introduces students to deserts, mountains, plateaus, oceans, rivers, lakes, and the Red Sea.</p></li><li><p>Includes interactive activities: building a landform diorama, key vocabulary exploration, a right-or-wrong game, and a nature walk.</p></li><li><p>Promotes environmental awareness, care for natural resources, and curiosity about the land and water bodies around us.</p></li></ul><p></p>', 366, 436, 627, 1, 'backend/uploads/1756533474563-227b079b-70b8-485e-830a-46b51ac7aef9.pptx', 'SS_G1_U3_L1.pptx', 9270199, 'pptx', 'backend/uploads/1756533474818-fa4fc937-4868-409e-baa1-c33a24ab6cb4.png', 'draft', 0, 0, 0, 0, 0, '2025-08-29 22:57:54', '2025-09-02 01:41:13', 145),
(31, 'U3 L2: Taking Care of Our World', '<ul><li><p>This presentation on <strong>Taking Care of Our World</strong> introduces students to the importance of clean air, water, and homes, along with the principles of reduce, reuse, and recycle.</p></li><li><p>Includes interactive activities: Recycling Station Challenge, Good vs. Bad Actions game, and the Green Hands Pledge for planting trees.</p></li><li><p>Promotes environmental responsibility, kindness to nature and animals, and Islamic values of cleanliness and care for the Earth.</p></li></ul><p></p>', 366, 436, 627, 1, 'backend/uploads/1756533537640-1cd47890-42ea-4f36-889b-654f5bfa15c2.pptx', 'SS_G1_U3_L2.pptx', 11445113, 'pptx', 'backend/uploads/1756533538189-fc7bd893-4d31-42d7-932b-61134f6be72f.png', 'draft', 1, 0, 0, 0, 0, '2025-08-29 22:58:58', '2025-09-03 06:16:26', 144),
(32, 'U4 L1: What We Need and What We Want', '<ul><li><p>This presentation on <strong>Needs and Wants</strong> helps students understand the difference between essential needs, such as food, water, shelter, clothing, and clean air, and non-essential wants like toys, ice cream, and video games.</p></li><li><p>Includes interactive activities: sorting game on needs vs. wants, creating a Gratitude Jar, and a story session <em>“The Boy Who Only Wanted Toys.”</em></p></li><li><p>Promotes thankfulness to God, awareness of smart choices, and appreciation for life’s essentials.</p></li></ul><p></p>', 366, 436, 627, 1, 'backend/uploads/1756533696752-4a7a4b4a-6878-416f-8cdf-6ea7e6e0e5f0.pptx', 'SS_G1_U4_L1.pptx', 8345349, 'pptx', 'backend/uploads/1756533696879-8adf687d-eca9-41d2-a516-b1fba9b3dd19.png', 'draft', 0, 0, 0, 0, 0, '2025-08-29 23:01:36', '2025-09-02 01:41:13', 143),
(33, 'U4 L2: Money and Fairness', '<ul><li><p>This presentation on <strong>Money and Fairness</strong> introduces students to the concept of money, trade, markets, and the importance of honesty in buying and selling.</p></li><li><p>Includes interactive activities: classroom mini-market role play, market scene coloring, and a story on honesty.</p></li><li><p>Promotes awareness of needs vs. wants, fairness in trade, and Islamic values of honesty.</p></li></ul><p></p>', 366, 436, 627, 1, 'backend/uploads/1756533770299-7d7f95cd-6785-45c1-aca8-6b98e23e215d.pptx', 'SS_G1_U4_L2.pptx', 15392393, 'pptx', 'backend/uploads/1756533771386-d200f168-698d-4a9a-af26-344542328150.png', 'published', 1, 0, 0, 0, 0, '2025-08-29 23:02:51', '2025-09-30 07:04:40', 142),
(34, 'U4 L3: Sharing and Helping Others', '<ul><li><p>This presentation on <strong>Sharing and Helping Others</strong> introduces students to the meaning of sharing, the concept of Zakat, and everyday ways to help others.</p></li><li><p>Includes interactive activities: Sharing Circle Time, One Good Deed a Day calendar, and a story on the Prophet’s (PBUH) kindness.</p></li><li><p>Promotes kindness, charity, and Islamic values of helping and caring for others.</p></li></ul><p></p>', 366, 436, 627, 1, 'backend/uploads/1756533824455-753a6dac-9ca2-43c0-a704-2f8cc20c3994.pptx', 'SS_G1_U4_L3.pptx', 5993829, 'pptx', 'backend/uploads/1756533824475-36e8367e-933e-4a90-9d2c-73496ea008a9.png', 'published', 0, 0, 0, 0, 0, '2025-08-29 23:03:44', '2025-09-30 06:59:33', 141),
(35, 'U1 L1: My Neighborhood and Community Helpers', '<ul><li><p>This presentation on <strong>Neighborhood and Community Helpers</strong> introduces students to important places such as parks, markets, schools, and hospitals, and the roles of helpers who work there.</p></li><li><p>Includes interactive activities: pointing out neighborhood places, designing a helper’s badge, guessing community helpers, and role-playing responsible actions.</p></li><li><p>Promotes responsibility, awareness of community spaces, and respect for helpers.</p></li></ul><p></p>', 366, 436, 628, 1, 'backend/uploads/1756535660387-ce7ae79b-07de-4985-91fe-6eef0b1a4b76.pptx', 'SS_G2_U1_L1.pptx', 13154435, 'pptx', 'backend/uploads/1756535661177-5abb8f0e-c500-4839-9215-4b88e0527f98.png', 'draft', 0, 0, 0, 0, 0, '2025-08-29 23:34:21', '2025-09-02 01:41:13', 140),
(36, 'U1 L2: My City', '<ul><li><p>This presentation on <strong>My</strong> <strong>Cities</strong> introduces students to the differences between villages, towns, and cities, and explains what makes cities special.</p></li><li><p>Includes interactive activities: picture identification, Word Explorer puzzle, naming traffic light colors, and a “Good Citizen” class chant.</p></li><li><p>Promotes awareness of city life, the importance of rules, and responsibility in keeping cities clean and safe.</p></li></ul><p></p>', 366, 436, 628, 1, 'backend/uploads/1756535748120-0385585e-0459-4141-abf3-e39fb6455942.pptx', 'SS_G2_U1_L2.pptx', 11513185, 'pptx', 'backend/uploads/1756535748681-4ca5451e-bce6-4386-b994-822db9bc1c4c.png', 'draft', 0, 0, 0, 0, 0, '2025-08-29 23:35:48', '2025-09-02 01:41:13', 139),
(42, 'U1 L3: Important Places in Saudi Arabia', '<ul><li><p></p></li></ul><ul><li><p>This presentation on <strong>Important Places in Saudi Arabia</strong> introduces students to Makkah, Madinah, Riyadh, Al-Ula, Jeddah, and Al-Khobar, highlighting their religious, cultural, and historical importance.</p></li><li><p>Includes interactive activities: Pin the City, drawing Elephant Rock in Al-Ula, and a chanting activity about Jeddah and Al-Khobar.</p></li><li><p>Promotes pride in Saudi heritage, respect for holy cities, and awareness of cultural landmarks.</p></li></ul><p></p>', 366, 436, 628, 1, 'backend/uploads/1756540410715-019e2b7e-7640-4e48-be8a-beaaed8869bc.pptx', 'SS_G2_U1_L3.pptx', 4912491, 'pptx', 'backend/uploads/1756540410746-ef021500-e841-4504-858e-cf6bf8713b37.png', 'draft', 0, 0, 0, 0, 0, '2025-08-30 00:53:30', '2025-09-02 01:41:13', 138),
(43, 'U2 L1: The Flag of Saudi Arabia', '<p></p><ul><li><p>This presentation on <strong>The Flag of Saudi Arabia</strong> explains the meaning of its colors, symbols, and inscription, including the Shahada as the Islamic declaration of faith.</p></li><li><p>Includes discussions on flag etiquette, the role of the sword as a symbol of justice and strength, and the green color representing peace and Islam.</p></li><li><p>Promotes national pride, respect for symbols of faith, and care for the country’s identity.</p></li></ul><p></p>', 366, 436, 628, 1, 'backend/uploads/1756540485149-4e2908a9-1da8-47e7-90c1-62b863fcca60.pptx', 'SS_G2_U2_L1.pptx', 2592052, 'pptx', 'backend/uploads/1756540485168-2455a84d-19aa-433a-afc9-8a3370eb0b69.png', 'draft', 0, 0, 0, 0, 0, '2025-08-30 00:54:45', '2025-09-02 01:41:13', 137),
(44, 'U2 L2: Saudi National Day', '<ul><li><p>This presentation on <strong>Saudi National Day</strong> introduces students to the unification of the country by King Abdulaziz in 1932 and the significance of September 23.</p></li></ul><ul><li><p>Includes interactive activities: finding three green items in the classroom or on screen, and reflecting on symbols of unity and pride.</p></li><li><p>Promotes national identity, unity, and pride in Saudi Arabia’s history and achievements.</p></li></ul><p></p>', 366, 436, 628, 1, 'backend/uploads/1756540618693-9febf8ca-c613-47c1-8153-fe560ce1e3c3.pptx', 'SS_G2_U2_L2.pptx', 10828874, 'pptx', 'backend/uploads/1756540619158-f5b877fc-ca01-4642-996e-87adbf3ad560.png', 'draft', 0, 0, 0, 0, 0, '2025-08-30 00:56:59', '2025-09-02 01:41:13', 136),
(45, 'U2 L3: Leaders of Saudi Arabia', '<ul><li><p>This presentation on the <strong>Leaders of Saudi Arabia</strong> introduces King Abdulaziz as the unifier of the nation and highlights the role of the present leaders in modernization and Vision 2030.</p></li></ul><ul><li><p>Includes interactive activities: drawing someone who gives advice, imagining themselves as leaders, and designing leadership plans.</p></li><li><p>Promotes respect for national leaders, understanding of good leadership traits, and encourages students to practice responsibility and care in their own lives.</p></li></ul><p></p>', 366, 436, 628, 1, 'backend/uploads/1756540715762-80464aef-9bd6-472c-9c12-cb2a45793e89.pptx', 'SS_G2_U2_L3.pptx', 4810645, 'pptx', 'backend/uploads/1756540715780-852b20ef-e320-4f11-8588-b2fbc75c44a0.png', 'draft', 0, 0, 0, 0, 0, '2025-08-30 00:58:35', '2025-09-02 01:41:13', 135),
(46, 'U3 L1: Understanding the Land Around Us', '<ul><li><p>This presentation on <strong>The Land Around Us</strong> introduces students to deserts, mountains, seas, and oases, with examples from Saudi Arabia such as Ad-Dahna, Rub\' al Khali, and An Nafud.</p></li></ul><ul><li><p>Includes interactive activities: desert riddles and identifying features of different landforms.</p></li><li><p>Promotes curiosity about geography, awareness of natural features, and appreciation of Saudi Arabia’s unique landscapes.</p></li></ul><p></p>', 366, 436, 628, 1, 'backend/uploads/1756542137819-30eac5a2-a4b5-4cf5-9c1f-859254e09b92.pptx', 'SS_G2_U3_L1.pptx', 8611070, 'pptx', 'backend/uploads/1756542137988-1477927a-10af-4cd4-b3c6-4f81874f543b.png', 'draft', 0, 0, 0, 0, 0, '2025-08-30 01:22:18', '2025-09-02 01:41:13', 134),
(47, 'U3 L2: Weather and Seasons in Saudi Arabia', '<ul><li><p>This presentation on <strong>Weather and Seasons in Saudi Arabia</strong> explains daily weather changes such as sun, rain, clouds, and wind, and introduces the four seasons.</p></li></ul><ul><li><p>Includes interactive activities: Season Dress-Up Game, My Season Drawing, and a 7-Day Weather Journal Starter.</p></li><li><p>Promotes observation skills, awareness of seasonal changes, and appreciation of how weather affects daily life.</p></li></ul><p></p>', 366, 436, 628, 1, 'backend/uploads/1756542212980-94efd553-6774-4b5e-943c-3fe982d7308d.pptx', 'SS_G2_U3_L2.pptx', 6798798, 'pptx', 'backend/uploads/1756542213012-7d22260d-e139-4b14-993b-67d1ecba2db7.png', 'draft', 1, 0, 0, 0, 0, '2025-08-30 01:23:33', '2025-09-04 06:01:08', 133),
(48, 'U3 L3: Taking Care of Our Environment', '<ul><li><p>This presentation on <strong>Taking Care of Our Environment</strong> explains the importance of air, water, land, animals, and people, and why protecting them is essential.</p></li></ul><ul><li><p>Includes interactive activities: My Environment Drawing, Identify Good and Bad actions, Do or Don’t Sorting, and an environmental chanting activity.</p></li><li><p>Promotes responsibility, Islamic values of cleanliness, and habits of conservation at home and school.</p></li></ul><p></p>', 366, 436, 628, 1, 'backend/uploads/1756542280679-6730e704-a594-46c9-8528-99d91d6ac72b.pptx', 'SS_G2_U3_L3.pptx', 5346719, 'pptx', 'backend/uploads/1756542280701-944dc947-dcdd-45b2-addd-f3b3769f3a95.png', 'draft', 0, 0, 0, 0, 0, '2025-08-30 01:24:40', '2025-09-02 01:41:13', 132),
(49, 'U4 L1: What Do We Need and What Do We Want?', '<ul><li><p>This presentation on <strong>Needs and Wants</strong> helps students understand the difference between essential needs like food, water, clothes, and shelter, and non-essential wants.</p></li></ul><ul><li><p>Includes interactive activities: Needs and Wants sorting, Draw a Smart Choice, and Gratitude Circle sharing.</p></li><li><p>Promotes responsibility, gratitude, and making wise choices in daily life.</p></li></ul><p></p>', 366, 436, 628, 1, 'backend/uploads/1756542328251-9a3af2df-55fd-4bc6-8e38-131ee0ce6a41.pptx', 'SS_G2_U4_L1.pptx', 4133231, 'pptx', 'backend/uploads/1756542328267-886c53df-c143-430b-93f0-83e4148c45fb.png', 'published', 0, 0, 0, 0, 0, '2025-08-30 01:25:28', '2025-09-30 07:01:25', 131),
(50, 'U4 L2: Helping Others in Need', '<ul><li><p>This presentation on <strong>Helping Others in Need</strong> introduces the uses of money—saving, spending, and charity—and explains the importance of helping those with less.</p></li></ul><ul><li><p>Includes interactive activities: Match the Action game and Plan Your Act of Kindness drawing task.</p></li><li><p>Promotes kindness, generosity, and understanding of charity and Zakat as part of Islamic values.</p></li></ul><p></p>', 366, 436, 628, 1, 'backend/uploads/1756542372287-35fc8495-002d-4658-96c6-607552d6e902.pptx', 'SS_G2_U4_L2.pptx', 4911941, 'pptx', 'backend/uploads/1756542372315-c9bec830-c764-4f15-9a4e-b5c4c3cd19f7.png', 'published', 1, 0, 0, 0, 0, '2025-08-30 01:26:12', '2025-09-30 07:04:52', 130),
(51, 'U1 L1: The Tapestry of Saudi Cultures', '<ul><li><p>This presentation on <strong>Saudi Cultures</strong> introduces students to the traditions of different regions, including Najd, Asir, Hejaz, and the Eastern Province, with examples of clothing, food, and festivals.</p></li></ul><ul><li><p>Includes interactive activities: Regional Dress-Up Day, Create Your Regional Food Menu, and Saudi Culture Travel Poster.</p></li></ul><p>Promotes pride in cultural diversity, appreciation of hospitality, and awareness of Islamic values in traditions</p>', 366, 436, 629, 1, 'backend/uploads/1756543055995-9315abfb-e35f-44c8-9147-dd8d3efd3bab.pptx', 'SS_G3_U1_L1.pptx', 15178252, 'pptx', 'backend/uploads/1756543057053-0f33dc07-e238-4456-b97f-b6b521c5f3b3.png', 'draft', 0, 0, 0, 0, 0, '2025-08-30 01:37:37', '2025-09-02 01:56:31', 9),
(52, 'U1 L2: Festivals and Traditions', '<ul><li><p>This presentation on <strong>Festivals and Traditions</strong> introduces students to Eid al-Fitr, Eid al-Adha, Saudi National Day, Hajj, and regional festivals such as the Taif Rose Festival and Souk Okaz.</p></li></ul><ul><li><p>Includes interactive activities: Eid card making, Hajj journey map, Saudi Festival Travel Brochure, and Dates Tasting with fact-finding.</p></li><li><p>Promotes cultural pride, understanding of Islamic practices, and appreciation of national and regional celebrations.</p></li></ul><p></p>', 366, 436, 629, 1, 'backend/uploads/1756543153962-af5b1923-ce71-49e6-ad37-d633737e6f92.pptx', 'SS_G3_U1_L2.pptx', 12628133, 'pptx', 'backend/uploads/1756543154670-fbbd879c-91ea-47cf-950f-18154df48dd7.png', 'draft', 0, 0, 0, 0, 0, '2025-08-30 01:39:14', '2025-09-02 01:56:31', 8),
(53, 'U1 L3: Contributions of Islamic Culture', '<ul><li><p>This presentation on <strong>Islamic Culture</strong> introduces key contributions to science, medicine, philosophy, engineering, and art by scholars such as Ibn al-Haytham, Ibn Sina, Ibn Rushd, Al-Jazari, and Al-Farghani.</p></li></ul><ul><li><p>Includes interactive activities: Scholar Trading Cards, Islamic Invention Timeline, Mini \"House of Wisdom,\" and exploring Islamic art and calligraphy.</p></li><li><p>Promotes pride in Islamic heritage, appreciation of knowledge, and awareness of lasting cultural contributions.</p></li></ul><p></p>', 366, 436, 629, 1, 'backend/uploads/1756543246952-d31e65f1-f20a-4942-99dd-609dbefb5ee3.pptx', 'SS_G3_U1_L3.pptx', 16559265, 'pptx', 'backend/uploads/1756543248200-267c39ba-4361-4670-9979-ff29039256ae.png', 'draft', 0, 0, 0, 0, 0, '2025-08-30 01:40:48', '2025-09-02 01:56:31', 7),
(54, 'U2 L1: Exploring Our Land', '<ul><li><p>This presentation on <strong>Saudi Arabia’s Land</strong> introduces major landforms, including deserts, mountains, and escarpments, along with water sources and natural resources.</p></li></ul><ul><li><p>Includes interactive activities: Desert Animal Fact Cards, Landform Collage, and Water Conservation Pledge Poster.</p></li><li><p>Promotes appreciation of natural resources, awareness of water conservation, and understanding of Allah’s blessings in Saudi Arabia’s geography.</p></li></ul><p></p>', 366, 436, 629, 1, 'backend/uploads/1756543558691-3c619f7c-858b-4fd4-b9cd-fe10e1bb926a.pptx', 'SS_G3_U2_L1.pptx', 23871379, 'pptx', 'backend/uploads/1756543560936-a3db90de-10bb-4f7a-8e9c-a0bf69a95687.png', 'draft', 0, 0, 0, 0, 0, '2025-08-30 01:46:00', '2025-09-02 01:56:31', 6),
(55, 'U2 L2: Water, Our Precious Resource', '<ul><li><p>This presentation on <strong>Water in Saudi Arabia</strong> explains why water is important, where it comes from, and how it is used in farming, homes, and factories.</p></li></ul><ul><li><p>Includes interactive activities: Build a Desalination Model, Water Saver Pledge Chain, and Water Walk Simulation.</p></li><li><p>Promotes responsibility in water conservation, awareness of farming techniques like drip irrigation, and appreciation of water as a vital resource.</p></li></ul><p></p>', 366, 436, 629, 1, 'backend/uploads/1756543683059-ad0b7c15-472b-41cb-9b46-74aa52b3f6c7.pptx', 'SS_G3_U2_L2.pptx', 17414331, 'pptx', 'backend/uploads/1756543684423-c0c6fa4c-6ef8-4631-b67f-6a2cbadfb575.png', 'draft', 0, 0, 0, 0, 0, '2025-08-30 01:48:04', '2025-09-02 01:56:31', 5),
(56, 'U2 L3: Continents and Oceans', '<ul><li><p>This presentation on <strong>Continents and Oceans</strong> introduces the seven continents and five oceans, explaining their features, weather, and sea life.</p></li></ul><ul><li><p>Includes interactive activities: My Continent Booklet, Fun Fact exploration, and Global Sharing Circle discussions.</p></li><li><p>Promotes global awareness, understanding of interdependence, and recognition of Saudi Arabia’s role in the world.</p></li></ul><p></p>', 366, 436, 629, 1, 'backend/uploads/1756543793597-ddcdfaa9-41c7-4635-ada8-f8b5c5415bb8.pptx', 'SS_G3_U2_L3.pptx', 15245789, 'pptx', 'backend/uploads/1756543794665-c34ea71f-500f-4976-86b7-654f1cef183d.png', 'draft', 0, 0, 0, 0, 0, '2025-08-30 01:49:54', '2025-09-02 01:56:31', 4),
(57, 'U3 L1: What Is Government?', '<ul><li><p>This presentation on <strong>Government</strong> introduces students to what a government is, its role in building services, and how it ensures fairness and safety through Islamic values.</p></li></ul><ul><li><p>Includes interactive activities: Design a Leader’s Badge, Write Together task, Build a Mini Majlis, and Fairness Check Game.</p></li><li><p>Promotes understanding of leadership, respect for Saudi Arabia’s system, and values of fairness, honesty, and consultation (Shura).</p></li></ul><p></p>', 366, 436, 629, 1, 'backend/uploads/1756543881572-2f68b803-f5c7-4067-8164-5d0cf57b1cc4.pptx', 'SS_G3_U3_L1.pptx', 7189397, 'pptx', 'backend/uploads/1756543881599-a2251492-f1a0-493c-b6aa-d1aa1cf7f914.png', 'draft', 0, 0, 0, 0, 0, '2025-08-30 01:51:21', '2025-09-02 01:56:31', 3),
(58, 'U3 L2: Introduction to Economics', '<ul><li><p>This presentation on <strong>Economics</strong> introduces students to trade, goods and services, supply and demand, and how economics connects people locally and globally.</p></li></ul><ul><li><p>Includes interactive activities: Buyer and Seller Role-Play, My Trade List Booklet, Supply and Demand Toy Game, and Trade Trail Map of Saudi Arabia.</p></li><li><p>Promotes understanding of local and global trade, awareness of Saudi Arabia’s role in world markets, and Islamic values of fairness in trade.</p></li></ul><p></p>', 366, 436, 629, 1, 'backend/uploads/1756543966596-68900b5b-6cf6-4499-8473-28551dbb97b3.pptx', 'SS_G3_U3_L2.pptx', 20386190, 'pptx', 'backend/uploads/1756543968362-25cf034c-e767-4fc3-b44f-8d147dae5130.png', 'draft', 0, 0, 0, 0, 0, '2025-08-30 01:52:48', '2025-09-02 01:56:37', 2),
(59, 'U3 L3: Celebrating Our Diversity', '<ul><li><p>This presentation on <strong>Diversity</strong> introduces students to differences in food, languages, clothes, and celebrations, and explains how inclusive communities welcome and respect everyone.</p></li></ul><ul><li><p>Includes interactive activities: Cultural Celebration Collage, Diversity Tree, Tradition Show-and-Tell, and “Say Hello” in different languages.</p></li><li><p>Promotes kindness, respect, inclusion, and appreciation of cultural traditions.</p></li></ul><p></p>', 366, 436, 629, 1, 'backend/uploads/1756544129204-9c97c1bc-1af4-404b-a92a-f4489210631e.pptx', 'SS_G3_U3_L3.pptx', 9761012, 'pptx', 'backend/uploads/1756544129529-8d0e1179-7e0e-4131-aa81-3191f1c5c6bb.png', 'published', 0, 0, 0, 0, 0, '2025-08-30 01:55:29', '2025-09-30 07:01:36', 1),
(60, 'U1 L1: Saudi Arabia’s Historical Connections', '<ul><li><p>This presentation on <strong>Saudi Arabia’s Historical Connections</strong> introduces students to ancient trade routes such as the Red Sea Route, Silk Road, and Incense Route, and their role in connecting cultures.</p></li></ul><ul><li><p>Includes interactive activities: Packing Challenge, Mini Map Marking, and Quick Think-Pair-Share discussions.</p></li><li><p>Promotes understanding of cultural exchange, respect, and how trade shaped Saudi Arabia’s growth and influence in history.</p></li></ul><p></p>', 366, 436, 630, 1, 'backend/uploads/1756544281623-a9de4f17-ac59-4abe-a935-547994d8604e.pptx', 'SS_G4_U1_L1.pptx', 4222377, 'pptx', 'backend/uploads/1756544281636-ec5c5610-5520-4b22-9639-e4862a55f714.png', 'draft', 0, 0, 0, 0, 0, '2025-08-30 01:58:01', '2025-09-02 01:41:13', 120),
(61, 'U1 L2: Global Geography and Saudi Arabia', '<ul><li><p>This presentation on <strong>Global Geography</strong> introduces students to Saudi Arabia’s location in Asia, its position on a peninsula, and its surrounding seas.</p></li></ul><ul><li><p>Includes interactive activities: Draw &amp; Label Saudi Arabia map, Point the Direction exercise, and Neighbor Match-Up Game.</p></li><li><p>Promotes map-reading skills, awareness of neighboring countries, and understanding of Saudi Arabia’s geographic importance.</p></li></ul><p></p>', 366, 436, 630, 1, 'backend/uploads/1756544370175-829c28a4-402e-40c0-9838-b21547b0ec2a.pptx', 'SS_G4_U1_L2.pptx', 3684280, 'pptx', 'backend/uploads/1756544370186-2bd221e1-6c34-4165-8f8b-3fe594290419.png', 'draft', 0, 0, 0, 0, 0, '2025-08-30 01:59:30', '2025-09-02 01:41:13', 119),
(62, 'U1 L3: Governance and Global Cooperation', '<ul><li><p>This presentation on <strong>Governance and Global Cooperation</strong> introduces students to governance in daily life and the role of international organizations in solving world problems.</p></li></ul><ul><li><p>Includes interactive activities: Governance in Daily Life task, Think-Pair-Share on helping others, and discussions on key organizations like the UN, WHO, UNICEF, WTO, and Red Crescent.</p></li><li><p>Promotes awareness of global cooperation, respect for international efforts, and understanding of Saudi Arabia’s role in global partnerships.</p></li></ul><p></p>', 366, 436, 630, 1, 'backend/uploads/1756544568571-8522d4cb-2b40-4f79-b407-6e64092a2431.pptx', 'SS_G4_U1_L3.pptx', 10706086, 'pptx', 'backend/uploads/1756544569022-847b5459-4927-4ef9-af7e-7ad13f27ea16.png', 'draft', 0, 0, 0, 0, 0, '2025-08-30 02:02:49', '2025-09-02 01:41:13', 118),
(63, 'U2 L1: Cultural Contributions', '<ul><li><p>This presentation on <strong>Cultural Contributions</strong> introduces students to Saudi Arabia’s legacy through scholars like Ibn Khaldun and Imam Ahmad ibn Hanbal, as well as artistic contributions, past and present.</p></li></ul><ul><li><p>Includes interactive activities: Scholar Snapshots, Artistic Eyes comparison, and reflections on Saudi Arabia’s global cultural influence.</p></li><li><p>Promotes pride in Saudi heritage, appreciation of Islamic scholarship, and recognition of traditional and modern artistic achievements.</p></li></ul><p></p>', 366, 436, 630, 1, 'backend/uploads/1756544813676-9ede83a7-07c4-4717-ae30-7b9d11b37fca.pptx', 'SS_G4_U2_L1.pptx', 3983212, 'pptx', 'backend/uploads/1756544813704-e8f3a330-a132-405d-92f5-7973ec1cca28.png', 'draft', 0, 0, 0, 0, 0, '2025-08-30 02:06:53', '2025-09-02 01:41:13', 117),
(64, 'U2 L2: Trade and Economic Contributions', '<ul><li><p>This presentation on <strong>Trade and Economy</strong> introduces students to Saudi Arabia’s role as a top oil producer, its membership in OPEC, and the uses of oil in daily life.</p></li></ul><ul><li><p>Includes interactive activities: “What If Oil Stopped?” scenario, Match the Export game, and Economic Pillars task.</p></li><li><p>Promotes awareness of Saudi Arabia’s global economic role, the importance of oil, and understanding of trade beyond oil.</p></li></ul><p></p>', 366, 436, 630, 1, 'backend/uploads/1756544927226-3f597c38-4784-4adf-8a4a-3a1233050799.pptx', 'SS_G4_U2_L2.pptx', 3446888, 'pptx', 'backend/uploads/1756544927246-e934c1b8-1105-4936-9f5b-cd3a22dc249e.png', 'draft', 0, 0, 0, 0, 0, '2025-08-30 02:08:47', '2025-09-02 01:41:13', 116),
(65, 'U2 L3: Vision 2030 and the Future', '<ul><li><p>This presentation on <strong>Vision 2030</strong> introduces the three pillars - Ambitious Nation, Vibrant Society, and Thriving Economy, and how they guide Saudi Arabia’s future.</p></li></ul><ul><li><p>Includes interactive activities: Future Planner, Pillar Match, and Build Your Dream City project.</p></li><li><p>Promotes awareness of sustainability, innovation, eco-tourism, and pride in Saudi Arabia’s future while preserving culture.</p></li></ul><p></p>', 366, 436, 630, 1, 'backend/uploads/1756545055490-91de03e6-1ba5-41cd-a558-161ed4ec7659.pptx', 'SS_G4_U2_L3.pptx', 7100035, 'pptx', 'backend/uploads/1756545055532-53fa78c6-54ff-4ae7-9204-45570a824478.png', 'draft', 0, 0, 0, 0, 0, '2025-08-30 02:10:55', '2025-09-02 01:41:13', 115),
(66, 'U3 L1: What Is Global Citizenship?', '<ul><li><p>This presentation on <strong>Global Citizenship</strong> introduces students to the idea of the world as one family, showing how people are connected through cooperation, cultures, and shared responsibilities.</p></li></ul><ul><li><p>Includes interactive activities: Pass the Globe, Crisis Heroes role-play, World Culture Hunt, Saudi Pride Postcard, and Global Citizenship Oath.</p></li><li><p>Promotes respect for cultures, pride in Saudi traditions, global responsibility, and caring for the Earth.</p></li></ul><p></p>', 366, 436, 630, 1, 'backend/uploads/1756546709733-75f9c4e3-c54e-4a92-9432-3382706ae5a4.pptx', 'SS_G4_U3_L1.pptx', 2982642, 'pptx', 'backend/uploads/1756546709758-501fee24-3c5b-4f1c-9ae6-250b3a7b19aa.png', 'draft', 1, 0, 0, 0, 0, '2025-08-30 02:38:29', '2025-09-02 01:51:00', 114),
(67, 'U3 L2: Saudi Arabia in the Global Community', '<ul><li><p>This presentation on <strong>Saudi Arabia in the Global Community</strong> highlights initiatives such as the Saudi Green Initiative, KS Relief humanitarian efforts, and desalination projects for clean water.</p></li></ul><ul><li><p>Includes interactive activities: Grow a Tree poster, Water Saver Mission, and My Global Promise pledge.</p></li><li><p>Promotes environmental care, global responsibility, and pride in Saudi Arabia’s role in helping other nations.</p></li></ul><p></p>', 366, 436, 630, 1, 'backend/uploads/1756546853871-438e254b-5f96-4644-93c8-858fd13afd2a.pptx', 'SS_G4_U3_L2.pptx', 978110, 'pptx', 'backend/uploads/1756546853878-5c8d7b78-b10e-4ace-867e-9761fbc4705f.png', 'draft', 0, 0, 0, 0, 0, '2025-08-30 02:40:53', '2025-09-02 01:41:13', 113),
(68, 'U3 L3: Connecting with the World', '<ul><li><p>This presentation on <strong>Connecting with the World</strong> explores how technology, travel, and communication bring people together and help cultures share ideas and traditions.</p></li></ul><ul><li><p>Includes interactive activities: Global Connections Brainstorm, Digital World Icon Match, Stand &amp; Share reflection, group quiz, and Global Connector Badge design.</p></li><li><p>Promotes cultural exchange, digital literacy, and pride in Saudi Arabia’s role in sharing its culture with the world.</p></li></ul><p></p>', 366, 436, 630, 1, 'backend/uploads/1756546986989-dc49650c-927f-4b70-b3cb-82c038f885c3.pptx', 'SS_G4_U3_L3.pptx', 8732661, 'pptx', 'backend/uploads/1756546987173-bf1b29be-da1d-4c55-8852-056494246684.png', 'draft', 0, 0, 0, 0, 0, '2025-08-30 02:43:07', '2025-09-02 01:41:13', 112),
(69, 'U1 L1: Mesopotamia – The Cradle of Civilization', '<ul><li><p>This presentation on <strong>Mesopotamia</strong> introduces the world’s first known civilization, its cities, farming systems, laws, and cultural achievements.</p></li></ul><ul><li><p>Includes interactive activities: Civilization Sorting Game, My First Symbol design, and My Fair Rule tablet.</p></li><li><p>Promotes understanding of early societies, innovations in farming and irrigation, and the importance of fairness through Hammurabi’s Code.</p></li></ul><p></p>', 366, 436, 631, 1, 'backend/uploads/1756547110613-cb6e8840-f37a-4364-b858-2fe54bce6dbb.pptx', 'SS_G5_U1_L1.pptx', 9778913, 'pptx', 'backend/uploads/1756547110934-90ff0e68-78d1-4562-bbad-672668963b93.png', 'draft', 0, 0, 0, 0, 0, '2025-08-30 02:45:10', '2025-09-02 01:41:13', 111),
(70, 'U1 L2: Ancient Egypt – Life Along the Nile', '<ul><li><p>This presentation on <strong>Ancient Egypt</strong> explores the role of the Nile River in farming, trade, and city development, along with pyramids, monuments, and social structure.</p></li></ul><ul><li><p>Includes interactive activities: “What’s on My Farm?” drawing task and “My Role in Society” reflection.</p></li><li><p>Promotes understanding of irrigation, teamwork in society, and appreciation of Egypt’s cultural and architectural legacy.</p></li></ul><p></p>', 366, 436, 631, 1, 'backend/uploads/1756547209457-f7ab748d-1907-4ba0-b6f2-a7d3806a87f6.pptx', 'SS_G5_U1_L2.pptx', 11209776, 'pptx', 'backend/uploads/1756547209978-3efe0f23-5a50-43d9-80e9-2c98d9329db5.png', 'draft', 0, 0, 0, 0, 0, '2025-08-30 02:46:49', '2025-09-02 01:41:13', 110),
(71, 'U1 L3: Ancient Trade and Cultural Exchanges', '<ul><li><p>This presentation on <strong>Ancient Trade</strong> explains how trade routes like the Silk Road, Incense Route, Spice Route, and Trans-Saharan Route connected civilizations across Asia, Africa, Arabia, and Europe.</p></li></ul><ul><li><p>Includes interactive activities: Trade Talk role-play, Guess the Good quiz, and Pack Your Camel drawing task.</p></li><li><p>Promotes awareness of goods, ideas, and religions exchanged through trade, and appreciation of peaceful cultural connections in history.</p></li></ul><p></p>', 366, 436, 631, 1, 'backend/uploads/1756547375832-02d6f0f5-5769-421a-826b-3f558fb727ed.pptx', 'SS_G5_U1_L3.pptx', 2724061, 'pptx', 'backend/uploads/1756547375843-ade43946-e5d0-4172-a2c1-158640d768f4.png', 'draft', 0, 0, 0, 0, 0, '2025-08-30 02:49:35', '2025-09-02 01:41:13', 109),
(72, 'U2 L1: The Indus Valley – Urban Planning and Trade', '<ul><li><p>This presentation on the<strong> Indus Valley Civilization</strong> introduces early city planning in Harappa and Mohenjo-Daro, with straight roads, drains, and mud-brick houses.</p></li></ul><ul><li><p>Includes interactive activities: Build a Mini Grid drawing task, Clean City Challenge, and What Would You Trade?</p></li><li><p>Promotes awareness of sanitation, fair trade, and the lasting legacy of ancient urban planning.</p></li></ul><p></p>', 366, 436, 631, 1, 'backend/uploads/1756547507355-68b2ef9e-e50c-4cb2-934d-4e471d737446.pptx', 'SS_G5_U2_L1.pptx', 4583645, 'pptx', 'backend/uploads/1756547507369-7a11c92f-13cf-474e-ae3b-1766c17d8d0d.png', 'draft', 0, 0, 0, 0, 0, '2025-08-30 02:51:47', '2025-09-02 01:41:13', 108),
(73, 'U2 L2: Ancient China – Inventions and Economic Growth', '<ul><li><p>This presentation on <strong>Ancient China</strong> introduces major dynasties such as the Han, Tang, and Song, highlighting inventions like silk, paper, printing, the compass, and gunpowder.</p></li></ul><ul><li><p>Includes interactive activities: What’s in Your Trade Bag? drawing task, and Draw a Helpful Landform activity to connect geography with innovation.</p></li><li><p>Promotes understanding of trade along the Silk Road, appreciation of Chinese contributions, and the role of geography in shaping civilizations.</p></li></ul><p></p>', 366, 436, 631, 1, 'backend/uploads/1756547621007-5dd2e252-c9ae-4a3d-ab41-69d6a504c1b2.pptx', 'SS_G5_U2_L2.pptx', 3733167, 'pptx', 'backend/uploads/1756547621022-38a04daf-4f89-4ebe-a320-107160522031.png', 'draft', 0, 0, 0, 0, 0, '2025-08-30 02:53:41', '2025-09-02 01:41:13', 107),
(74, 'U3 L1: Government and Society in Early Empires', '<ul><li><p>This presentation on <strong>Government in Early Empires</strong> explains how civilizations like Mesopotamia, Egypt, and China developed rulers, laws, and systems to keep society safe and fair.</p></li></ul><ul><li><p>Includes interactive activities: Think-Pair-Share on leadership, Fair Leader Checklist, and My Law Poster task.</p></li><li><p>Promotes understanding of justice, fairness, and the role of leadership in building strong societies.</p></li></ul><p></p>', 366, 436, 631, 1, 'backend/uploads/1756547740686-3d087b33-dad9-410a-adf8-4cbbff2e8fae.pptx', 'SS_G5_U3_L1.pptx', 13142044, 'pptx', 'backend/uploads/1756547741465-56fad7d2-7dc4-420a-8173-10358bad3f06.png', 'draft', 0, 0, 0, 0, 0, '2025-08-30 02:55:41', '2025-09-02 01:41:13', 106),
(75, 'U3 L2: Cultural Exchange and Influence Between Civilizations', '<ul><li><p>This presentation on <strong>Cultural Exchange</strong> explains how ideas, inventions, languages, and religions spread through travel and trade, helping civilizations grow.</p></li></ul><ul><li><p>Includes interactive activities: Beliefs That Unite Us task and My Invention Passport project.</p></li><li><p>Promotes appreciation of writing systems, shared values across religions, technological progress, and peaceful cooperation among civilizations.</p></li></ul><p></p>', 366, 436, 631, 1, 'backend/uploads/1756548242304-10b86742-d7a5-4b80-8ee8-045f232aeb9f.pptx', 'SS_G5_U3_L2.pptx', 3361925, 'pptx', 'backend/uploads/1756548242313-8d5fb6d1-2565-4507-96a6-980f668f8413.png', 'draft', 0, 0, 0, 0, 0, '2025-08-30 03:04:02', '2025-09-02 01:41:13', 105),
(76, 'U4 L1: Mountains, Rivers, and Deserts', '<ul><li><p>This presentation on <strong>Physical Features</strong> introduces students to mountains, rivers, and deserts, showing how these landforms shape life, survival, and history.</p></li></ul><ul><li><p>Includes interactive activities: Landform Spotting Challenge, Mountain Living Sketch, River Path Relay, and Desert Survival Kit.</p></li><li><p>Promotes awareness of natural environments, adaptation, and how landforms work together to support people, animals, and trade.</p></li></ul><p></p>', 366, 436, 631, 1, 'backend/uploads/1756548338328-f61367fe-42de-4600-acc8-4e19b68bb0b9.pptx', 'SS_G5_U4_L1.pptx', 7319973, 'pptx', 'backend/uploads/1756548338356-6a2e800f-8499-423f-bf68-1536a0cc941f.png', 'draft', 0, 0, 0, 0, 0, '2025-08-30 03:05:38', '2025-09-02 01:41:13', 104),
(77, 'U4 L2: Human-Environment Interaction', '<ul><li><p>This presentation on <strong>Human-Environment Interaction</strong> explains how people adapt to mountains, rivers, and deserts, and how they also change the land through farming, building, and technology.</p></li></ul><ul><li><p>Includes interactive activities: Draw “Me in My Environment,” Nature Hero or Hurter sorting game, and Build a Mini Eco-Village sketch.</p></li><li><p>Promotes awareness of sustainable living, environmental responsibility, and Islamic values of balance and care for nature.</p></li></ul><p></p>', 366, 436, 631, 1, 'backend/uploads/1756548407829-9708cfde-44aa-4db1-9053-2c932691e5cd.pptx', 'SS_G5_U4_L2.pptx', 2443730, 'pptx', 'backend/uploads/1756548407847-f501bba5-7f88-4099-b0e5-eb4c0a9bc90f.png', 'draft', 0, 0, 0, 0, 0, '2025-08-30 03:06:47', '2025-09-02 01:41:13', 103),
(78, 'U1 L1: The Greek and Roman Empires', '<ul><li><p>This presentation on the<strong> Greek and Roman Empires</strong> introduces the geography, governance, and cultural achievements of ancient Greece and Rome.</p></li></ul><ul><li><p>Includes interactive activities: Role-Play the Ancient Assembly (Athens vs. Rome) and Design Your Own City-State or Republic project.</p></li><li><p>Promotes understanding of democracy and republics, appreciation of philosophy, law, and architecture, and awareness of their lasting impact on modern societies.</p></li></ul><p></p>', 366, 436, 632, 1, 'backend/uploads/1756549836896-15e8fa72-894b-4090-98fa-6a4f3808d726.pptx', 'SS_G6_U1_L1.pptx', 24760867, 'pptx', 'backend/uploads/1756549839261-1add4890-4789-48b5-90cb-38356f49d412.png', 'draft', 0, 0, 0, 0, 0, '2025-08-30 03:30:39', '2025-09-02 01:41:13', 102),
(79, 'U1 L2: The Islamic Golden Age', '<ul><li><p>This presentation on <strong>The Islamic Golden Age</strong> explores the period from the 8th to 14th century, highlighting centers of knowledge in Baghdad, Cairo, and Cordoba, and the work of scholars such as Al-Khwarizmi, Ibn Sina, and Ibn al-Haytham.</p></li></ul><ul><li><p>Includes interactive activities: Quick Quiz checks, Journal of Insights reflection, and discussions on how the House of Wisdom compares to the internet today.</p></li><li><p>Promotes appreciation of Islamic contributions to science, medicine, mathematics, and navigation, and their lasting impact on the modern world.</p></li></ul><p></p>', 366, 436, 632, 1, 'backend/uploads/1756550123151-6adcacb7-88e1-45d6-afc1-a2d75012bf7b.pptx', 'SS_G6_U1_L2.pptx', 49219248, 'pptx', 'backend/uploads/1756550128853-c3ba2e6e-3b31-4aaf-a0e5-c574f174497b.png', 'draft', 0, 0, 0, 0, 0, '2025-08-30 03:35:28', '2025-09-02 01:41:13', 101),
(80, 'U1 L3: African Kingdoms – Ghana, Mali, and Songhai', '<ul><li><p>This presentation on <strong>African Kingdoms</strong> introduces the rise and achievements of Ghana, Mali, and Songhai, highlighting geography, trade, leadership, and centers of learning like Timbuktu.</p></li></ul><ul><li><p>Includes interactive activities: map discussions, multiple-choice and short-answer questions, and exploration of the gold-salt trade and Timbuktu’s libraries.</p></li><li><p>Promotes awareness of Africa’s rich history, the value of trade, and the role of Islamic scholarship in shaping global knowledge.</p></li></ul><p></p>', 366, 436, 632, 1, 'backend/uploads/1756550263900-ed196dbc-1404-472a-955b-508a0dcd6c30.pptx', 'SS_G6_U1_L3.pptx', 11832960, 'pptx', 'backend/uploads/1756550264501-3b5a629d-0834-49c6-8ef2-d472f0a31005.png', 'draft', 0, 0, 0, 0, 0, '2025-08-30 03:37:44', '2025-09-02 01:41:13', 100),
(82, 'U2 L1: Feudalism and Monarchy in Europe', '<ul><li><p></p></li></ul><ul><li><p>This presentation on <strong>Feudalism and Monarchy</strong> introduces the structure of medieval European society, showing how kings, lords, knights, and serfs relied on each other for land, loyalty, and protection.</p></li><li><p>Includes interactive activities: Feudal Pyramid role-play, Loyalty Chain Craft, and Comparing Monarchies chart activity.</p></li><li><p>Promotes understanding of hierarchy, loyalty as the foundation of society, and comparison between European and Saudi systems of monarchy.</p></li></ul><p></p>', 366, 436, 632, 1, 'backend/uploads/1756550439680-8a458fd0-7182-4d7e-ad32-899660bf3537.pptx', 'SS_G6_U2_L1.pptx', 15408474, 'pptx', 'backend/uploads/1756550440771-a5cbe9d3-3ad6-435f-b729-99b5ba88cc1d.png', 'draft', 0, 0, 0, 0, 0, '2025-08-30 03:40:40', '2025-09-02 01:41:13', 99),
(83, 'U2 L2: The Magna Carta and Its Legacy', '<ul><li><p>This presentation on <strong>The Magna Carta</strong> explains how King John of England was forced to sign the charter in 1215, limiting his power and protecting people’s rights.</p></li></ul><ul><li><p>Includes interactive activities: Write about one important right, and Fun Fact exploration of the Magna Carta’s history and influence.</p></li><li><p>Promotes understanding of the “Rule of Law,” fairness, and justice, while comparing Magna Carta principles with Islamic governance in Saudi Arabia.</p></li></ul><p></p>', 366, 436, 632, 1, 'backend/uploads/1756550591929-ca713272-eaf5-4b25-acd7-9fec888060ba.pptx', 'SS_G6_U2_L2.pptx', 22387589, 'pptx', 'backend/uploads/1756550593966-bc3db543-4577-4937-96df-1682c519917e.png', 'draft', 0, 0, 0, 0, 0, '2025-08-30 03:43:14', '2025-09-02 01:41:13', 98),
(84, 'U3 L1: The Silk Road and Global Trade', '<ul><li><p>This presentation on <strong>The Silk Road</strong> explores how goods, ideas, and cultures traveled across Asia, Arabia, and Europe through one of history’s greatest trade routes.</p></li></ul><ul><li><p>Includes interactive activities: Trader’s Diary role-play and quiz questions to check understanding.</p></li><li><p>Promotes awareness of Saudi Arabia’s central role in trade, the spread of Islam, and how supply and demand shaped global connections.</p></li></ul><p></p>', 366, 436, 632, 1, 'backend/uploads/1756551065780-27476c03-c1e6-4997-b78f-4cbe1e8005f7.pptx', 'SS_G6_U3_L1.pptx', 58303990, 'pptx', 'backend/uploads/1756551072712-a139e81e-81e3-4e44-a4de-7226ccb60046.png', 'draft', 0, 0, 0, 0, 0, '2025-08-30 03:51:12', '2025-09-02 01:41:13', 97),
(85, 'U3 L2: Mercantilism and the Age of Exploration', '<ul><li><p>This presentation on <strong>Mercantilism and Exploration</strong> explains how European nations sought wealth, land, and trade routes through sea voyages during the Age of Exploration.</p></li></ul><ul><li><p>Includes interactive activities: “If I Were an Explorer” diary entry and quiz questions to test understanding.</p></li><li><p>Promotes awareness of the impact on the Arabian Peninsula, the role of supply and demand in global trade, and both positive and negative outcomes of exploration.</p></li></ul><p></p>', 366, 436, 632, 1, 'backend/uploads/1756551440186-b48fba82-d5db-4533-8838-3b3ef8877bad.pptx', 'SS_G6_U3_L2.pptx', 65640711, 'pptx', 'backend/uploads/1756551448121-18779147-816c-4654-b2b5-e62c1d9b923a.png', 'draft', 0, 0, 0, 0, 0, '2025-08-30 03:57:28', '2025-09-02 01:41:13', 96),
(86, 'U4 L1: The Geography of Natural Resources', '<ul><li><p>This presentation on <strong>Natural Resources</strong> explains renewable and non-renewable resources, their uneven distribution, and their role in shaping settlements and economies.</p></li></ul><ul><li><p>Includes interactive activities: Sort It Out! classification task and Resource Detective cause-and-effect puzzle.</p></li><li><p>Promotes understanding of Saudi Arabia’s resources (oil, gas, minerals, solar energy), global resource management, and sustainable use through Vision 2030.</p></li></ul><p></p>', 366, 436, 632, 1, 'backend/uploads/1756551728972-aa6a0231-2711-407a-82ff-cda428c6f737.pptx', 'SS_G6_U4_L1.pptx', 4617980, 'pptx', 'backend/uploads/1756551729000-01db24ce-6986-4c35-8afb-fd55aec5857e.png', 'draft', 0, 0, 0, 0, 0, '2025-08-30 04:02:09', '2025-09-02 01:41:13', 95),
(87, 'U4 L2: Human Adaptation and Modification in Different Environments', '<ul><li><p>This presentation on <strong>Human-Environment Interaction</strong> explores how people adapt to deserts, mountains, and cold regions, and how they modify their surroundings for survival.</p></li></ul><ul><li><p>Includes interactive activities: Problem Solver scenario, exploring qanats and desalination, and reviewing Vision 2030 projects like Green Riyadh, Haramain Railway, and Red Sea Project.</p></li><li><p>Promotes awareness of adaptation, sustainable living, and Saudi Arabia’s balance of tradition and modern solutions.</p></li></ul><p></p>', 366, 436, 632, 1, 'backend/uploads/1756551813850-1cfc13c6-94f5-4b38-b080-81a9a5a7b101.pptx', 'SS_G6_U4_L2.pptx', 2770002, 'pptx', 'backend/uploads/1756551813859-faf7e84c-ab2f-4b9f-8d20-01b1809a5f31.png', 'draft', 0, 0, 0, 0, 0, '2025-08-30 04:03:33', '2025-09-02 01:41:13', 94),
(88, 'U1 L1: The Persian Empire', '<ul><li><p>This presentation on the Persian Empire introduces Cyrus the Great, Darius I, the satrapy system of governance, and innovations such as the Royal Road, canals, and coinage.</p></li></ul><ul><li><p>Includes interactive activities: King’s Eyes and Ears role-play, Persian Empire Mapping Challenge, and Comparing Governance Systems chart.</p></li><li><p>Promotes understanding of governance, cultural exchange, and lessons from Persia’s legacy compared with modern systems, including Saudi Arabia.</p></li></ul><p></p>', 366, 436, 633, 1, 'backend/uploads/1756553212936-4785e1a5-c5c2-47c9-b342-163ee298c4a1.pptx', 'SS_G7_U1_L1.pptx', 14954351, 'pptx', 'backend/uploads/1756553213971-fefff988-37bd-4499-b99c-0ec534c66c55.png', 'draft', 0, 0, 0, 0, 0, '2025-08-30 04:26:54', '2025-09-02 01:41:13', 93);
INSERT INTO `resources` (`resource_id`, `title`, `description`, `type_id`, `subject_id`, `grade_id`, `created_by`, `file_path`, `file_name`, `file_size`, `file_extension`, `preview_image`, `status`, `download_count`, `view_count`, `likes`, `comments`, `is_featured`, `created_at`, `updated_at`, `display_order`) VALUES
(89, 'U1 L2: The Roman Empire', '<ul><li><p>This presentation on the Roman Empire explores Rome’s transformation from Republic to Empire, highlighting leaders like Julius Caesar and Augustus, and innovations in law, engineering, and governance.</p></li><li><p>Includes interactive activities: Julius Caesar Courtroom Trial, Roman Road Engineering Blueprint, Roman Road Poster, and Roman vs. Islamic Law Comparison.</p></li><li><p>Promotes understanding of citizenship, fairness in law, public service values, and connections between Roman achievements and modern Saudi Arabia.</p></li></ul><p></p>', 366, 436, 633, 1, 'backend/uploads/1756553349473-937a58f2-fb93-4683-8488-149a7b7d38d9.pptx', 'SS_G7_U1_L2.pptx', 19221657, 'pptx', 'backend/uploads/1756553351082-6a9012ab-8158-47b3-9e05-0647612e2cb4.png', 'draft', 0, 0, 0, 0, 0, '2025-08-30 04:29:11', '2025-09-02 01:41:13', 92),
(90, 'U1 L3: The Ottoman Empire', '<ul><li><p>This presentation on the Ottoman Empire traces its rise under Osman I and Mehmed II with the conquest of Constantinople, and highlights Suleiman the Magnificent’s Golden Age of expansion, legal reforms, and cultural achievements by Mimar Sinan, poets, and artists.</p></li><li><p>Includes interactive activities: Ottoman Cultural Showcase, Tolerant City Map, Empire Mapping, and Millet System Role-Play.</p></li><li><p>Promotes understanding of governance through Islamic values of justice and mercy, the Millet System and Shariah–Kanun balance, and awareness of the empire’s decline after World War I and enduring legacy in modern Istanbul and regional culture.</p></li></ul><p></p>', 366, 436, 633, 1, 'backend/uploads/1756553504359-b59bbdee-c155-44b0-a668-ca5b1a10c916.pptx', 'SS_G7_U1_L3.pptx', 19485593, 'pptx', 'backend/uploads/1756553506002-e71d052a-4599-42e3-95f9-8809dd8f2fb2.png', 'draft', 0, 0, 0, 0, 0, '2025-08-30 04:31:46', '2025-09-02 01:41:13', 91),
(91, 'U2 L1: Migration Patterns and Cultural Diffusion', '<ul><li><p>This presentation introduces migration, its types (internal and international), and key causes such as jobs, safety, education, and religious freedom.</p></li><li><p>Includes interactive activities: Migration Suitcase, Push–Pull Sorting Game, Cultural Welcome Poster, and Role-Play on migrant life.</p></li><li><p>Promotes understanding of push–pull factors, how migration leads to cultural diffusion through food, art, language, and traditions, and highlights Islamic perspectives on fairness, kindness, and hospitality with case studies of Gulf workers and the Prophet Muhammad’s (PBUH) migration to Madinah.</p></li></ul><p></p>', 366, 436, 633, 1, 'backend/uploads/1756553641237-3f0d97ee-adad-4312-8d89-b350683c3977.pptx', 'SS_G7_U2_L1.pptx', 16657188, 'pptx', 'backend/uploads/1756553642492-b9ce231c-710a-488b-a46b-0f1f7d5145fe.png', 'draft', 0, 0, 0, 0, 0, '2025-08-30 04:34:02', '2025-09-02 01:41:13', 90),
(92, 'U2 L2: Urbanization and the Growth of Cities', '<ul><li><p>This presentation explains the causes of urban growth, such as jobs, services, education, and infrastructure, and highlights historical Islamic cities like Makkah, Madinah, Baghdad, and Cairo as centers of trade, religion, and learning.</p></li><li><p>Includes interactive activities: Design Your Ideal Saudi City, City Challenges Role Play, “Build Back Better” Poster, and City Soundscape Writing.</p></li><li><p>Promotes awareness of the challenges of urbanization—traffic, housing, pollution, and resource pressure—while showcasing Saudi initiatives like Green Riyadh, NEOM, and new metro systems for sustainable city planning.</p></li></ul><p></p>', 366, 436, 633, 1, 'backend/uploads/1756553816884-5fbf92c2-2aaf-4992-b508-8aa51b88308e.pptx', 'SS_G7_U2_L2.pptx', 18251198, 'pptx', 'backend/uploads/1756553818363-f5186bb4-262b-4308-8abf-74ec1a6be1ea.png', 'draft', 0, 0, 0, 0, 0, '2025-08-30 04:36:58', '2025-09-02 01:41:13', 89),
(93, 'U3 L1: Forms of Government', '<ul><li><p>This presentation introduces monarchy, democracy, republic, and theocracy with examples and key features, explaining the strengths and challenges of each system, such as stability, equality, representation, and faith-based governance.</p></li></ul><ul><li><p>Includes interactive activities: Government Role Cards role-play, Design Your Own Government, Saudi Arabia’s Fact Map, and Reflection Journal “If I Were a Leader…”.</p></li><li><p>Promotes understanding of Saudi Arabia’s absolute monarchy rooted in Islam and tribal traditions, with the King as head of state and the Shura Council as an advisory body, while encouraging students to compare systems and reflect on leadership and values</p></li></ul><p></p>', 366, 436, 633, 1, 'backend/uploads/1756554006007-b196d9b9-64f0-4232-b0b7-28441b95c5eb.pptx', 'SS_G7_U3_L1.pptx', 18906370, 'pptx', 'backend/uploads/1756554007577-d7fdcf07-fb87-4403-90bd-5f7368b1d247.png', 'draft', 0, 0, 0, 0, 0, '2025-08-30 04:40:07', '2025-09-02 01:41:13', 88),
(94, 'U3 L2: The Role of International Organizations', '<ul><li><p>This presentation explains what international organizations are and how they address global issues such as peace, health, education, climate, and trade.</p></li></ul><ul><li><p>Includes interactive activities: Model UN Simulation, OIC Map Collaboration, Global Problem Solvers task, and Peace Through Cooperation poster.</p></li><li><p>Promotes awareness of the United Nations (UN), Organization of Islamic Cooperation (OIC), Gulf Cooperation Council (GCC), and other bodies such as the WHO, WTO, IMF, and the Arab League, while connecting to Islamic values of peace, fairness, and cooperation and highlighting Saudi Arabia’s active leadership role.</p></li></ul><p></p>', 366, 436, 633, 1, 'backend/uploads/1756554307741-673ae056-6763-4b67-9ca8-55e99c8fae0a.pptx', 'SS_G7_U3_L2.pptx', 17209233, 'pptx', 'backend/uploads/1756554309071-a495b38c-ef43-4d5b-80ef-3899974e3754.png', 'draft', 0, 0, 0, 0, 0, '2025-08-30 04:45:09', '2025-09-02 01:41:13', 87),
(95, 'U4 L1: Distribution of Natural Resources', '<ul><li><p>This presentation introduces different types of natural resources and explains the uneven global distribution caused by geology and climate.</p></li><li><p>Includes interactive activities: Resource Sorting Challenge, Mapping Saudi Arabia’s Resources, Debate on Ownership, and Reflection on Resource Fairness.</p></li><li><p>Promotes understanding of oil, mineral, and water distribution worldwide, with a focus on Saudi Arabia’s oil, gas, minerals, and freshwater challenges, while highlighting global alliances such as OPEC, GCC, UNEP, and OIC, and connecting to Islamic values of avoiding waste (Israf) and stewardship (Khilafah) within Saudi Vision 2030’s sustainability goals.</p></li></ul><p></p>', 366, 436, 633, 1, 'backend/uploads/1756554460046-050a2f64-750e-44c2-be5a-5fe050accd9b.pptx', 'SS_G7_U4_L1.pptx', 21888980, 'pptx', 'backend/uploads/1756554462024-2c3198e4-f218-4c28-93a4-f6dc0786eaaa.png', 'draft', 0, 0, 0, 0, 0, '2025-08-30 04:47:42', '2025-09-02 01:41:13', 86),
(96, 'U4 L2: Saudi Arabia’s Role in the Global Economy', '<ul><li><p>This presentation explains how the 1938 discovery of oil in Dhahran transformed Saudi Arabia into a global economic power, highlighting economic growth through industrial cities like Jubail and Yanbu, modern infrastructure, and expanded education and healthcare.</p></li></ul><ul><li><p>Includes interactive activities: Timeline Challenge, Stewardship Debate, Vision 2030 Role Cards, and Design a Green City.</p></li><li><p>Promotes understanding of Saudi Arabia’s influence through OPEC, global partnerships, and events like the 1973 oil crisis, while connecting stewardship and sustainability with Vision 2030’s goals for a vibrant society, thriving economy, and ambitious nation, and featuring major projects such as NEOM, the Red Sea Project, and the Saudi Green Initiative.</p></li></ul><p></p>', 366, 436, 633, 1, 'backend/uploads/1756555069042-19fedfa9-84ae-41d5-a538-bdc46a33cc73.pptx', 'SS_G7_U4_L2.pptx', 31396752, 'pptx', 'backend/uploads/1756555072311-6c00eac5-1e9c-465f-9412-9f1c14eb0ecc.png', 'draft', 0, 0, 0, 0, 0, '2025-08-30 04:57:52', '2025-09-02 01:41:13', 85),
(97, 'U5 L1: Cultural Interactions and Influences', '<ul><li><p>This presentation defines cultural exchange through trade, migration, travel, and technology, emphasizing its role in building connections and innovation.</p></li><li><p>Includes interactive activities: Golden Age Role Cards, Culture Web, Globalization Debate, and Preserving My Culture Action Plan.</p></li><li><p>Promotes appreciation of the Islamic Golden Age, awareness of globalization’s benefits and challenges, and the importance of balancing global connections with cultural preservation.</p></li></ul><p></p>', 366, 436, 633, 1, 'backend/uploads/1756555225882-ea43597b-fa45-4e68-8418-0e71a19c8cd6.pptx', 'SS_G7_U5_L1.pptx', 31144601, 'pptx', 'backend/uploads/1756555229119-9b1da69e-f825-494d-ad23-5f159e6f2ab0.png', 'draft', 0, 0, 0, 0, 0, '2025-08-30 05:00:29', '2025-09-02 01:41:13', 84),
(98, 'U5 L2: Leadership and Responsibility in a Global Context', '<ul><li><p>This presentation introduces leadership at community, national, and global levels, with examples from disaster relief, reform, and advocacy.</p></li><li><p>Includes interactive activities: Leadership Ladder growth plan, Youth Leadership Campaign, Leadership Code of Ethics, and Role Cards – Meet the Leaders.</p></li><li><p>Promotes understanding of leadership qualities, Islamic principles of accountability and service, and the value of responsible action in a global context.</p></li></ul><p></p>', 366, 436, 633, 1, 'backend/uploads/1756555484761-04898c01-2a20-4c9e-9ca4-26996e13c04b.pptx', 'SS_G7_U5_L2.pptx', 19361698, 'pptx', 'backend/uploads/1756555486388-d34122fa-1dbc-4e9f-9d54-4e35135bfacc.png', 'draft', 0, 0, 0, 0, 0, '2025-08-30 05:04:46', '2025-09-02 01:41:13', 83),
(99, 'U1 L1: World War I and the Changing World Order', '<ul><li><p>This presentation introduces World War I (1914–1918), its global scale, alliances, and impact on millions, explaining the MAIN causes: Militarism, Alliances, Imperialism, and Nationalism.</p></li></ul><ul><li><p>Includes interactive activities: World Map Challenge, Alliance Sorting, Timeline Challenge, and Think About It discussion.</p></li><li><p>Promotes understanding of the Allies and Central Powers, Saudi regions under Ottoman influence, life during the war, and the lasting effects of the Treaty of Versailles and the Ottoman Empire’s fall.</p></li></ul><p></p>', 366, 436, 634, 1, 'backend/uploads/1756556614469-49c21d76-e95d-4693-8e5e-ce87f541d267.pptx', 'SS_G8_U1_L1.pptx', 5481859, 'pptx', 'backend/uploads/1756556614509-ae9bcd2b-cdc8-461e-98ef-5e8961dd3b7e.png', 'draft', 0, 0, 0, 0, 0, '2025-08-30 05:23:34', '2025-09-02 01:41:13', 82),
(100, 'U1 L2: The Interwar Period and National Movements', '<ul><li><p>This presentation explores the interwar years marked by economic, political, and social challenges, including the Great Depression, and shows how the collapse of empires and redrawn borders fueled nationalism and independence movements in Asia and Africa.</p></li><li><p>Includes interactive activities: Timeline Puzzle, Voices of Freedom reflection, and National Movement Poster design.</p></li><li><p>Promotes understanding of Atatürk’s reforms in Turkey, the protests in Egypt, Gandhi’s peaceful resistance in India, Saudi Arabia’s unification under King Abdulaziz in 1932, and the discovery of oil in 1938 as a turning point.</p></li></ul><p></p>', 366, 436, 634, 1, 'backend/uploads/1756556783112-81563cb5-87c6-471e-9c33-39e5047dd751.pptx', 'SS_G8_U1_L2.pptx', 6030796, 'pptx', 'backend/uploads/1756556783155-1f24fa1c-c18a-4bb4-9711-f4460294ceaa.png', 'draft', 0, 0, 0, 0, 0, '2025-08-30 05:26:23', '2025-09-02 01:41:13', 81),
(101, 'U1 L3: World War II and Global Realignment', '<ul><li><p>This presentation covers World War II (1939–1945), the deadliest conflict in history with over 60 million lives lost, explaining causes such as the Treaty of Versailles, global depression, rise of dictators, militarism, and expansion by Germany, Italy, and Japan.</p></li><li><p>Includes interactive activities: Imagine the World in 1939, Cause-and-Effect Sort, Allies/Axis country naming, and Oil Matters discussion.</p></li><li><p>Promotes understanding of the Allies and Axis powers, Saudi Arabia’s neutral stance yet vital oil support, and the war’s outcomes including the United Nations, independence movements, and the Cold War’s beginnings.</p></li></ul><p></p>', 366, 436, 634, 1, 'backend/uploads/1756556905228-e6acd421-12fb-4732-aa0b-7ebcc4ef6a78.pptx', 'SS_G8_U1_L3.pptx', 2708494, 'pptx', 'backend/uploads/1756556905249-4f6aea8a-e946-4e94-89a4-980430806720.png', 'draft', 0, 0, 0, 0, 0, '2025-08-30 05:28:25', '2025-09-02 01:41:13', 80),
(102, 'U2 L1: Decolonization in the Middle East and Africa', '<ul><li><p>This presentation explains decolonization as nations in the Middle East and Africa gained independence after World War II, highlighting causes such as weakened European powers, rising demand for self-rule, and global pressure for equality and human rights.</p></li><li><p>Includes interactive activities: Freedom Metaphor Map, Timeline Challenge, and Build a Nation Roleplay.</p></li><li><p>Promotes understanding of key independence movements in Egypt, Sudan, Ghana, and Algeria, the challenges of nation-building, and Saudi Arabia’s support for Arab nations.</p></li></ul><p></p>', 366, 436, 634, 1, 'backend/uploads/1756557018561-b4eef7fb-50e7-48da-b347-ae0318e6514a.pptx', 'SS_G8_U2_L1.pptx', 3176442, 'pptx', 'backend/uploads/1756557018578-3d4df13f-8c89-44f8-a7f2-06fe342ab342.png', 'draft', 0, 0, 0, 0, 0, '2025-08-30 05:30:18', '2025-09-02 01:41:13', 79),
(103, 'U2 L2: The Cold War and Regional Conflicts', '<ul><li><p>This presentation introduces the Cold War rivalry between the USA and USSR after World War II, defined by ideological conflict without direct fighting, and explains its causes, such as capitalism vs. communism, democracy vs. one-party rule, fear, and mistrust.</p></li></ul><ul><li><p>Includes interactive activities: Cold War Timeline, True or False on proxy wars, and Alliance Sorting Game.</p></li><li><p>Promotes understanding of major Cold War events, proxy wars and alliances, and the conflict’s global impact ending with the Soviet Union’s collapse in 1991.</p></li></ul><p></p>', 366, 436, 634, 1, 'backend/uploads/1756557161229-b5c21ffb-2c76-4b22-8d9a-6223e67e8665.pptx', 'SS_G8_U2_L2.pptx', 4634536, 'pptx', 'backend/uploads/1756557161248-c2b115ac-4fc9-4ff5-af85-6528f896ba16.png', 'draft', 0, 0, 0, 0, 0, '2025-08-30 05:32:41', '2025-09-02 01:41:13', 78),
(104, 'U3 L1: Understanding Climate Change', '<ul><li><p>This presentation introduces climate as long-term weather patterns and explains how human activity drives rapid climate change, with causes such as burning fossil fuels, deforestation, factories, and vehicles.</p></li><li><p>Includes interactive activities: True or False quiz, Spot the Cause, What Would You Do? reflection, and Green Pledge.</p></li><li><p>Promotes awareness of climate change signs, its impact on Saudi Arabia, and the importance of sustainable solutions like conservation, tree planting, and solar energy.</p></li></ul><p></p>', 366, 436, 634, 1, 'backend/uploads/1756557262979-e5fb1c65-8928-4039-b802-af160637e411.pptx', 'SS_G8_U3_L1.pptx', 7240492, 'pptx', 'backend/uploads/1756557263010-78099a6c-e065-4f6e-913a-301cdc3ade00.png', 'draft', 0, 0, 0, 0, 0, '2025-08-30 05:34:23', '2025-09-02 01:41:13', 77),
(105, 'U3 L2: Sustainable Development Goals (SDGs)', '<ul><li><p>This presentation introduces the UN’s 17 Sustainable Development Goals (SDGs) to address global challenges like poverty, pollution, and inequality, and explains why they were created to ensure a fairer, healthier, and sustainable future for all.</p></li></ul><ul><li><p>Includes interactive activity: <em>My City, My Goal</em> reflection linking local actions to SDGs.</p></li><li><p>Promotes understanding of the three pillars of sustainable development—economy, society, and environment—and connects the SDGs to Saudi Vision 2030 projects such as NEOM that promote clean energy, jobs, education, and health.</p></li></ul><p></p>', 366, 436, 634, 1, 'backend/uploads/1756557346180-99e54ea9-1a5f-4146-8230-5f6bb8d46284.pptx', 'SS_G8_U3_L2.pptx', 5524792, 'pptx', 'backend/uploads/1756557346200-a21fa0ed-f306-440e-b56a-c764bad4bd9a.png', 'draft', 0, 0, 0, 0, 0, '2025-08-30 05:35:46', '2025-09-02 01:41:13', 76),
(106, 'U4 L1: Comparative Governance Systems', '<ul><li><p>This presentation introduces the purpose of governments and how they affect daily life through services like schools, healthcare, and safety, while explaining the main forms of governance, such as monarchy, democracy, and authoritarianism, with global examples.</p></li><li><p>Includes interactive activities: <em>Government in My Life</em> reflection and <em>What If You Were a Leader?</em> discussion.</p></li><li><p>Promotes understanding of Saudi Arabia’s monarchy based on the Qur’an and Sunnah, supported by the Council of Ministers and Shura Council, and encourages reflection on leadership and values.</p></li></ul><p></p>', 366, 436, 634, 1, 'backend/uploads/1756557432675-d60bc91e-8a23-4c35-8bac-55ad6264f385.pptx', 'SS_G8_U4_L1.pptx', 6033532, 'pptx', 'backend/uploads/1756557432690-bc60434f-48a6-42ae-85b6-d8831eb9b6af.png', 'draft', 0, 0, 0, 0, 0, '2025-08-30 05:37:12', '2025-09-02 01:41:13', 75),
(108, 'U4 L2: Saudi Arabia’s Vision 2030', '<ul><li><p>This presentation introduces Vision 2030, Saudi Arabia’s national plan built on the three pillars of a Vibrant Society, Thriving Economy, and Ambitious Nation.</p></li><li><p>Includes interactive activities: <em>Build Your NEOM</em> design, <em>Eco-Tourism Slogan</em>, and <em>My Future Role</em> reflection.</p></li><li><p>Promotes awareness of major projects like NEOM, Qiddiya, and the Red Sea Project, while emphasizing opportunities for Saudi youth in education, technology, tourism, and entrepreneurship.</p></li></ul><p></p>', 366, 436, 634, 1, 'backend/uploads/1756557675105-0d8b947a-bdc1-4883-a7a6-554c24edff16.pptx', 'SS_G8_U4_L2.pptx', 5203757, 'pptx', 'backend/uploads/1756557675121-3d66d762-8a26-4bf4-b6f9-9817ff21740f.png', 'draft', 0, 0, 0, 0, 0, '2025-08-30 05:41:15', '2025-09-02 01:41:13', 74),
(109, 'U5 L1: International Trade and Organizations', '<ul><li><p>This presentation explains why countries trade—since no nation produces everything it needs, imports and exports connect economies—and defines international trade with its benefits, such as wider products, economic growth, jobs, and stronger global ties.</p></li><li><p>Includes interactive activities: <em>Trade Match</em> game, <em>Who’s Who in Trade</em> matching, and Quick Quiz.</p></li><li><p>Promotes understanding of Saudi Arabia’s trade role (exports in oil, plastics, chemicals; imports in machinery, vehicles, electronics) and awareness of key trade organizations like the WTO, GCC, and OPEC.</p></li></ul><p></p>', 366, 436, 634, 1, 'backend/uploads/1756558091679-06536347-80dd-4eda-b33a-d6391d5d2de6.pptx', 'SS_G8_U5_L1.pptx', 5013634, 'pptx', 'backend/uploads/1756558091713-922aea30-86e6-48fb-94ed-0211d778ef26.png', 'draft', 0, 0, 0, 0, 0, '2025-08-30 05:48:11', '2025-09-02 01:41:13', 73),
(111, 'U5 L2: Technology and Economic Development', '<ul><li><p>This presentation explores how technology shapes modern life, from cities and schools to healthcare and businesses, and connects to Saudi Arabia’s Vision 2030 with NEOM as a model smart city powered by robotics, clean energy, and innovation.</p></li><li><p>Includes interactive activities: <em>My Smart City</em> design, <em>Tech-at-Home</em> reflection, and <em>Technology Debate</em>.</p></li><li><p>Promotes awareness of technology’s impact across sectors like education, healthcare, business, and agriculture, while encouraging reflection on its benefits and drawbacks in daily life.</p></li></ul><p></p>', 366, 436, 634, 1, 'backend/uploads/1756558347874-9b480b23-dc77-4c6d-8b06-cf998442672b.pptx', 'SS_G8_U5_L2.pptx', 6287825, 'pptx', 'backend/uploads/1756558347890-dea82fc1-d0a6-47aa-940f-d5174641553d.png', 'draft', 0, 0, 0, 0, 0, '2025-08-30 05:52:27', '2025-09-02 01:41:13', 72),
(112, 'U6 L1: Environmental Stewardship and Responsibility', '<ul><li><p>This presentation defines stewardship (Amanah) and the Islamic view of humans as Khalifa (caretakers) of Earth, while explaining ecosystems and biodiversity and the threats posed by pollution, deforestation, overfishing, and climate change.</p></li><li><p>Includes interactive activities: <em>Ecosystem Chain Game</em>, <em>Green Saudi Action Board</em>, <em>Model Ecosystem</em> terrarium, and <em>Qur’an &amp; Nature</em> Poster.</p></li><li><p>Promotes understanding of Islamic teachings on nature, Saudi initiatives like Vision 2030 and the Green Saudi Initiative, and global agreements such as the Paris Agreement and Kyoto Protocol.</p></li></ul><p></p>', 366, 436, 634, 1, 'backend/uploads/1756558673778-d82a5ddf-14f9-45b2-a360-bcce28237070.pptx', 'SS_G8_U6_L1.pptx', 44196927, 'pptx', 'backend/uploads/1756558678795-36df2ea9-c5fc-499a-be1d-5c32600034fc.png', 'draft', 0, 0, 0, 0, 0, '2025-08-30 05:57:58', '2025-09-02 01:41:13', 71),
(113, 'U6 L2: The Role of Global Citizenship', '<ul><li><p>This presentation defines global citizenship as awareness that personal choices affect others and the planet, paired with responsibility and fairness, and highlights key traits such as empathy, respect for diversity, collaboration, responsibility, and advocacy.</p></li><li><p>Includes interactive activities: <em>Global Citizenship Trait March</em>, <em>Voices of Change</em> posters, <em>Local-to-Global Impact Mapping</em>, <em>Citizenship in Islam</em> collage, and <em>Global Problem-Solving Circle</em>.</p></li><li><p>Promotes reflection on real-world change makers, the importance of cooperation on issues like climate change, poverty, and inequality, and the role of Islamic values in guiding global responsibility.</p></li></ul><p></p>', 366, 436, 634, 1, 'backend/uploads/1756559006861-c8e0a82c-fe14-4f77-b0b5-b1d44773aa2d.pptx', 'SS_G8_U6_L2.pptx', 46365920, 'pptx', 'backend/uploads/1756559012168-5a1e78bb-12f3-4712-9e1d-c975b445a71a.png', 'draft', 0, 0, 0, 0, 0, '2025-08-30 06:03:32', '2025-09-02 01:41:13', 70),
(114, 'U1 L1: Introduction to Physical Geography', '<ul><li><p>This presentation introduces physical geography and its importance in understanding Earth’s natural features and hazards, covering Earth’s layers, tectonic plates, mountains, rivers, deserts, and oceans.</p></li><li><p>Includes interactive activities: <em>Disaster-Ready City</em> design and <em>Quick Check</em> review.</p></li><li><p>Promotes awareness of natural processes like weathering, erosion, and landscape change, human impact on the environment, and stewardship linked to Islamic values.</p></li></ul><p></p>', 366, 436, 635, 1, 'backend/uploads/1756560097659-c07eca33-2a0d-4401-a66a-c345c9713176.pptx', 'SS_Geo1_G9_U1_L1.pptx', 7400192, 'pptx', 'backend/uploads/1756560097704-4419f5c1-4f20-4183-ae50-0090e1d55787.png', 'draft', 0, 0, 0, 0, 0, '2025-08-30 06:21:37', '2025-09-02 01:41:13', 69),
(115, 'U1 L2: Weather and Climate Basics', '<ul><li><p>This presentation explains the difference between weather (short-term conditions) and climate (long-term patterns), introducing key elements such as temperature, precipitation, wind, and humidity.</p></li><li><p>Includes interactive activities: <em>Create a Climate Map</em>, <em>Weather Prediction Simulation</em>, and class presentations on regional climates.</p></li><li><p>Promotes understanding of factors shaping climate zones, awareness of global climate patterns, and Islamic reflections on natural phenomena as signs of Allah’s creation.</p></li></ul><p></p>', 366, 436, 635, 1, 'backend/uploads/1756560182566-0018f16e-37fd-49a6-8d39-323bf27a32e0.pptx', 'SS_Geo1_G9_U1_L2.pptx', 2968015, 'pptx', 'backend/uploads/1756560182583-bf3c19d5-82a4-410e-954a-1d189b07fe67.png', 'draft', 0, 0, 0, 0, 0, '2025-08-30 06:23:02', '2025-09-02 01:41:13', 68),
(116, 'U1 L3: Earth’s Water Systems', '<ul><li><p>This presentation introduces the hydrological cycle, the difference between saltwater and freshwater, and Earth’s major water bodies, highlighting the role of processes like transpiration for Saudi ecosystems.</p></li><li><p>Includes interactive activities: <em>Interpreting Water Data</em>, <em>Design a Water-Smart City</em>, and <em>Test Your Knowledge</em>.</p></li><li><p>Promotes awareness of water challenges in Saudi Arabia, global scarcity concerns, sustainable solutions, and Islamic teachings on water as a sacred trust.</p></li></ul><p></p>', 366, 436, 635, 1, 'backend/uploads/1756560281251-6d88c7b6-bc5e-4f7d-a1ce-73b85c6763ae.pptx', 'SS_Geo1_G9_U1_L3.pptx', 11243769, 'pptx', 'backend/uploads/1756560281775-762dbc7c-920a-450c-ac8e-7c942ef11ea4.png', 'draft', 0, 0, 0, 0, 0, '2025-08-30 06:24:41', '2025-09-02 01:41:13', 67),
(117, 'U1 L4: Ecosystems and Biodiversity', '<ul><li><p>This presentation defines ecosystems and explains the interaction of biotic (living) and abiotic (non-living) factors, while emphasizing the importance of biodiversity and the risks posed when key species are lost.</p></li></ul><ul><li><p>Includes interactive activities: <em>Eco-Role-play</em> (students act as ecologists) and <em>Ecosystems Check-In</em> review.</p></li><li><p>Promotes understanding of threats such as habitat destruction, pollution, and climate change, the importance of conservation strategies, and Islamic values of stewardship and care for Allah’s creation.</p></li></ul><p></p>', 366, 436, 635, 1, 'backend/uploads/1756560403692-35b2a280-f9da-4c86-81ee-6b5e00e903de.pptx', 'SS_Geo1_G9_U1_L4.pptx', 19918923, 'pptx', 'backend/uploads/1756560405396-d6259502-86ef-40fa-9b8a-a0e843eeb40c.png', 'draft', 0, 0, 0, 0, 0, '2025-08-30 06:26:45', '2025-09-02 01:41:13', 66),
(118, 'U2 L1: Plate Tectonics and Earthquakes', '<ul><li><p>This presentation introduces tectonic plates as Earth’s moving puzzle, explaining what drives their movement, types of plate boundaries, and how these processes cause earthquakes.</p></li><li><p>Includes interactive activities: Earthquake Response Planner task and a case study on the 2004 Indian Ocean Earthquake.</p></li><li><p>Promotes understanding of earthquake effects, human preparedness, and Islamic values of resilience and compassion in times of crisis.</p></li></ul><p></p>', 366, 436, 635, 1, 'backend/uploads/1756719932124-2ad7008a-da9c-4cc4-9080-51821b7b1dd2.pptx', 'SS_Geo1_G9_U2_L1.pptx', 13750249, 'pptx', 'backend/uploads/1756719932994-d4daad00-6169-4965-82f8-94c3ae7e0159.png', 'draft', 0, 0, 0, 0, 0, '2025-09-01 02:45:33', '2025-09-02 01:41:13', 65),
(119, 'U2 L2: Volcanism and Mountain Building', '<ul><li><p>This presentation explains volcanism, types of volcanoes, and the processes of mountain building, highlighting how mountains influence rainfall, snow, and river systems.</p></li></ul><ul><li><p>Includes interactive activities: <em>Build a Volcano Model</em> and a case study on Kilimanjaro’s biodiversity and tourism.</p></li><li><p>Promotes understanding of the impact of volcanism, the importance of mountains for ecosystems and human life, and Islamic values of reflection on natural wonders.</p></li></ul><p></p>', 366, 436, 635, 1, 'backend/uploads/1756720883202-c262c073-ca54-4834-99da-382418dd5a9f.pptx', 'SS_Geo1_G9_U2_L2.pptx', 7483591, 'pptx', 'backend/uploads/1756720883240-a6aef3b1-96f9-4a6d-8f69-65f64dbb0fa0.png', 'draft', 0, 0, 0, 0, 0, '2025-09-01 03:01:23', '2025-09-02 01:41:13', 64),
(120, 'U2 L3: Weathering, Erosion, and Soil Formation', '<ul><li><p>This presentation introduces weathering and erosion, their types and agents, and explains how soil is formed from rock and the factors that influence soil quality.</p></li></ul><ul><li><p>Includes interactive activity: <em>Weathering &amp; Erosion Roleplay,</em> where students act out processes and discuss how rock becomes soil.</p></li><li><p>Promotes understanding of soil as Earth’s vital resource, the need for soil conservation, and Islamic reflections on soil and land as divine blessings.</p></li></ul><p></p>', 366, 436, 635, 1, 'backend/uploads/1756722642119-a88ef6e0-2f0c-4b0b-acc7-fa313470a873.pptx', 'SS_Geo1_G9_U2_L3.pptx', 16920844, 'pptx', 'backend/uploads/1756722643418-0833a2c4-5589-4d0c-b85f-876a6cd03bae.png', 'draft', 0, 0, 0, 0, 0, '2025-09-01 03:30:43', '2025-09-02 01:41:13', 63),
(121, 'U2 L4: Rivers and Glaciers – Agents of Landscape Change', '<ul><li><p>This presentation compares rivers and glaciers as powerful agents of erosion, transportation, and deposition, shaping distinctive landforms over time.</p></li></ul><ul><li><p>Includes interactive activity: <em>Landform Match-Up</em> and a case study on the Aswan High Dam and the Nile, exploring human and environmental impacts.</p></li><li><p>Promotes awareness of rivers as lifelines of human civilization, the importance of water for desert regions, and sustainable practices to ensure future water security.</p></li></ul><p></p>', 366, 436, 635, 1, 'backend/uploads/1756722891190-f2169cc6-24d8-4353-8b81-7baa02f87610.pptx', 'SS_Geo1_G9_U2_L4.pptx', 8510063, 'pptx', 'backend/uploads/1756722891343-aa24b638-5760-4bd6-b7bc-d8841621492b.png', 'draft', 0, 0, 0, 0, 0, '2025-09-01 03:34:51', '2025-09-02 01:41:13', 62),
(122, 'U3 L1: Human Impacts on Ecosystems', '<ul><li><p>This presentation explores how human activities such as agriculture, urbanization, deforestation, and pollution affect ecosystems, biodiversity, and the natural balance.</p></li></ul><ul><li><p>Includes interactive activity: <em>Environmental Impact Report,</em> where students act as consultants to propose eco-friendly solutions for development projects.</p></li><li><p>Promotes understanding of the importance of biodiversity, conservation efforts, and Islamic values of balance and responsibility in caring for the environment.</p></li></ul><p></p>', 366, 436, 635, 1, 'backend/uploads/1756723394849-3b7a14e0-1e50-4826-a177-7aa7f5707783.pptx', 'SS_Geo1_G9_U3_L1.pptx', 36294738, 'pptx', 'backend/uploads/1756723398785-9073c526-06b8-4d42-80d7-c77d574c562a.png', 'draft', 0, 0, 0, 0, 0, '2025-09-01 03:43:18', '2025-09-02 01:41:13', 61),
(123, 'U3 L2: Climate Change and Global Warming', '<ul><li><p>This presentation explains the difference between climate change and global warming, the greenhouse effect, and human activities that produce greenhouse gases.</p></li><li><p>Includes interactive activity: <em>Climate Action Poster,</em> where students design solutions to address local and global challenges.</p></li><li><p>Promotes awareness of climate change impacts on weather, water, agriculture, and biodiversity, along with mitigation strategies and Islamic teachings on environmental responsibility.</p></li></ul><p></p>', 366, 436, 635, 1, 'backend/uploads/1756725589702-dbf2cf1d-da0f-4df5-a0a5-d47a60337a92.pptx', 'SS_Geo1_G9_U3_L2.pptx', 63629158, 'pptx', 'backend/uploads/1756725640598-9d29b43d-9a62-4f47-8bfd-6a244899d0e1.png', 'draft', 0, 0, 0, 0, 0, '2025-09-01 04:19:57', '2025-09-02 01:41:13', 60),
(124, 'U3 L3: Water Resources and Management', '<ul><li><p>This presentation explains the importance of water, causes of scarcity, and strategies for sustainable management, with a focus on Saudi Arabia’s water challenges.</p></li></ul><ul><li><p>Includes interactive activities: <em>Household Water Audit</em> and case studies from Saudi Arabia, Singapore, and Israel to compare solutions.</p></li><li><p>Promotes awareness of global water scarcity, the need for conservation planning, and Islamic teachings on water stewardship.</p></li></ul><p></p>', 366, 436, 635, 1, 'backend/uploads/1756725974649-995ce1ad-3cac-4903-af71-d2b9bad60cf7.pptx', 'SS_Geo1_G9_U3_L3.pptx', 13511959, 'pptx', 'backend/uploads/1756725975481-3e35fea4-88aa-4dcd-9057-da997a71ed71.png', 'draft', 0, 0, 0, 0, 0, '2025-09-01 04:26:15', '2025-09-02 01:41:13', 59),
(125, 'U3 L4: Sustainable Development Practices', '<ul><li><p>This presentation introduces the three pillars of sustainability - environmental, economic, and social - and explains the principles that guide sustainable development.</p></li></ul><ul><li><p>Includes interactive activity: <em>Develop a Sustainable Plan</em> and a case study on the Great Green Wall.</p></li><li><p>Promotes understanding of sustainability in action, Islamic values of responsibility for future generations, and the importance of balanced development.</p></li></ul><p></p>', 366, 436, 635, 1, 'backend/uploads/1756726733783-7fafdd8f-3cf6-4b2a-ad06-ca14066518ca.pptx', 'SS_Geo1_G9_U3_L4.pptx', 26113050, 'pptx', 'backend/uploads/1756726736336-b717f3a4-7c88-4d79-a917-b7ce2bd2c2df.png', 'draft', 0, 0, 0, 0, 0, '2025-09-01 04:38:56', '2025-09-02 01:41:13', 58),
(126, 'U4 L1: Introduction to Political and Cultural Geography', '<ul><li><p>This presentation introduces political and cultural geography, focusing on boundaries, sovereignty, geopolitics, cultural identity, and cultural diffusion.</p></li></ul><ul><li><p>Includes interactive activities: <em>Case Study</em> on Belgium’s linguistic divisions and <em>Cultural Diffusion in Action</em> group presentations (expansion, relocation, hierarchical diffusion).</p></li><li><p>Promotes understanding of how geography shapes political systems, cultural identity, and societal interactions, with connections to Saudi Arabia’s boundaries and cultural diffusion.</p></li></ul><p></p>', 366, 436, 635, 1, 'backend/uploads/1756727270433-0a0f25b4-07a3-461b-984d-819c0353200a.pptx', 'SS_Geo1_G9_U4_L1.pptx', 18803846, 'pptx', 'backend/uploads/1756727271989-2cc3e13f-e77c-41bb-8385-4d0c5ce5ce6f.png', 'draft', 0, 0, 0, 0, 0, '2025-09-01 04:47:52', '2025-09-02 01:41:13', 57),
(127, 'U4 L2: The Role of Political Boundaries in Cultural Identity', '<ul><li><p>This presentation classifies energy resources into renewable and non-renewable, explaining fossil fuels, their pros and cons, and the role of renewable energy sources.</p></li><li><p>Includes interactive activity: <em>Build an Energy Plan</em> where students design strategies for sustainable energy use.</p></li><li><p>Promotes awareness of Saudi Arabia’s Vision 2030 energy strategy, the environmental impact of energy use, and Islamic ethics in responsible consumption.</p></li></ul><p></p>', 366, 436, 635, 1, 'backend/uploads/1756727885435-5f76aec6-4cb4-45a8-9af6-57f3d19c1acf.pptx', 'SS_Geo1_G9_U4_L2.pptx', 6794303, 'pptx', 'backend/uploads/1756727885472-3fe374ef-73bc-43c0-908e-ce0646a40b98.png', 'draft', 0, 0, 0, 0, 0, '2025-09-01 04:58:05', '2025-09-02 01:41:13', 56),
(128, 'U4 L3: Water Resources and Management', '<p>o&nbsp;&nbsp;&nbsp; This presentation explains the sources and main uses of water, causes of scarcity, and strategies for sustainable management, with a focus on Saudi Arabia’s national concerns.</p><p>o&nbsp;&nbsp;&nbsp; Includes interactive activity: <em>Design a Water-Smart School</em> where students plan practical conservation strategies.</p><p>o&nbsp;&nbsp;&nbsp; Promotes awareness of groundwater challenges, Vision 2030 water goals, and Islamic teachings on the responsible use of water.</p>', 366, 436, 635, 1, 'backend/uploads/1756728331115-2b42e433-83dd-4182-8345-3c4ae04b6acc.pptx', 'SS_Geo1_G9_U4_L3.pptx', 23351128, 'pptx', 'backend/uploads/1756728333292-5c1e14f0-8102-4475-918b-6c19e7278c82.png', 'draft', 0, 0, 0, 0, 0, '2025-09-01 05:05:33', '2025-09-02 01:41:13', 55),
(131, 'U1 L1: What is History?', '<ul><li><p>This presentation introduces the meaning of history and historiography, how historians record and interpret events, and the role of history in shaping cultural and national identity.</p></li></ul><ul><li><p>Includes interactive activities: <em>Timeline Creation</em> of local, Islamic, and world events, <em>History Detective</em> source analysis, and the <em>Aswan High Dam Case Study</em> to compare primary and secondary perspectives.</p></li><li><p>Promotes awareness of historiographical methods, the contributions of Ibn Khaldun, and the importance of learning from history to become responsible citizens.</p></li></ul><p></p>', 366, 436, 636, 1, 'backend/uploads/1756729966074-54669d04-2a73-4716-8af3-78811bcb687d.pptx', 'SS_Hist1_G10_U1_L1.pptx', 2200800, 'pptx', 'backend/uploads/1756729966090-6449e9de-29dd-4bc3-9937-55ecdaf828ec.png', 'draft', 0, 0, 0, 0, 0, '2025-09-01 05:32:46', '2025-09-02 01:41:13', 54),
(132, 'U1 L2: Evaluating Historical Resources', '<ul><li><p>This presentation explains why historians must evaluate sources, covering authenticity checks, recognizing bias, understanding context, and corroborating multiple accounts.</p></li></ul><ul><li><p>Includes interactive activities: <em>Analyze the Alexandria Protocol</em>, <em>Group Source Evaluation</em>, and a <em>Quick Quiz</em> for understanding.</p></li><li><p>Promotes awareness of ethical use of sources, respect for cultural and religious sensitivities, and the role of tools and technology in historical research.</p></li></ul><p></p>', 366, 436, 636, 1, 'backend/uploads/1756730063139-8d64b4c6-dfab-43e5-a737-4eef2fb4de3c.pptx', 'SS_Hist1_G10_U1_L2.pptx', 2477952, 'pptx', 'backend/uploads/1756730063157-038915d7-f104-4b56-a626-97cbfc6fe19c.png', 'draft', 0, 0, 0, 0, 0, '2025-09-01 05:34:23', '2025-09-02 01:41:13', 53),
(133, 'U1 L3: Introduction to Historical Methods', '<ul><li><p>This presentation introduces key historical methods, including chronology, causation, contextual analysis, interdisciplinary approaches, and interpretation of perspectives.</p></li><li><p> Includes interactive activities: <em>Chronological Ordering</em>, <em>Partner Discussions</em>, and a <em>Group Application of Methods</em>.</p></li><li><p> Promotes understanding of how historians analyze and interpret events, using examples such as the unification of Saudi Arabia, the discovery of oil, and global case studies.</p></li></ul><p></p>', 366, 436, 636, 1, 'backend/uploads/1756730211543-0be699f5-66a3-4fe7-9fb9-4d7a4316b91a.pptx', 'SS_Hist1_G10_U1_L3.pptx', 2387267, 'pptx', 'backend/uploads/1756730211569-5af12b36-2b2a-4dca-8b30-b24f8196a8ea.png', 'draft', 0, 0, 0, 0, 0, '2025-09-01 05:36:51', '2025-09-02 01:41:13', 52),
(134, 'U4 L4: Land and Agricultural Resources', '<p>o&nbsp;&nbsp;&nbsp; This presentation explains the types of land resources, their importance for agriculture and food supply, and the threats posed by degradation and overuse.</p><p>o&nbsp;&nbsp;&nbsp; Includes interactive activities: <em>Land Use Mapping</em> and <em>Sustainable Farming Plan</em> to explore conservation strategies.</p><p>o&nbsp;&nbsp;&nbsp; Promotes understanding of sustainable land management, protection of farmland for future generations, and Islamic principles of land stewardship.</p>', 366, 436, 635, 1, 'backend/uploads/1756730252125-0c2a577e-e007-460b-96ab-3b4c97c244f5.pptx', 'SS_Geo1_G9_U4_L4.pptx', 50540110, 'pptx', 'backend/uploads/1756730258004-901bd663-3861-4342-b4cb-d73f3839e4ee.png', 'draft', 0, 0, 0, 0, 0, '2025-09-01 05:37:38', '2025-09-02 01:41:13', 51),
(135, 'U1 L4: Role of History in Society', '<ul><li><p>This presentation explains how history shapes cultural identity, supports civic education, and helps societies learn from past resilience, mistakes, and innovation.</p></li><li><p>Includes interactive activities: <em>Case Comparisons</em> (Great Depression, Japan’s recovery), <em>Current Events Connections</em> (COVID-19, climate change debates), and <em>Critical Perspectives</em> (Arab Spring).</p></li><li><p>Promotes understanding of change and continuity, the civic value of rights and accountability, and the importance of preserving oral histories.</p></li></ul><p></p>', 366, 436, 636, 1, 'backend/uploads/1756730293663-800f98fb-6510-415b-98c3-472ba52a1d01.pptx', 'SS_Hist1_G10_U1_L4.pptx', 2248914, 'pptx', 'backend/uploads/1756730293670-00deba4a-20c5-490b-9e24-fcdfd400fe48.png', 'draft', 0, 0, 0, 0, 0, '2025-09-01 05:38:13', '2025-09-02 01:41:13', 50),
(136, 'U1 L5: Introduction to Historical Writing', '<ul><li><p>This presentation introduces the structure and purpose of historical writing, focusing on building strong introductions, thesis statements, evidence-based body paragraphs, and meaningful conclusions.</p></li><li><p>Includes interactive activities: <em>Guided Essay Structuring</em>, <em>Journal of Insights</em>, and <em>Check Your Understanding</em>.</p></li><li><p>Promotes development of clear writing skills, use of credible sources, and the ability to connect the past to the present through structured historical essays.</p></li></ul><p></p>', 366, 436, 636, 1, 'backend/uploads/1756730450936-69b23ad5-c5a8-42c4-9584-913d93f479ec.pptx', 'SS_Hist1_G10_U1_L5.pptx', 1932422, 'pptx', 'backend/uploads/1756730450942-3dcc20a1-2803-4ba9-a998-6f0a874467d5.png', 'draft', 0, 0, 0, 0, 0, '2025-09-01 05:40:50', '2025-09-02 01:41:13', 49),
(137, 'U2 L1: The Dawn of Human Societies', '<ul><li><p>This presentation explores the transition from nomadic life to settled farming communities, highlighting the importance of camels, cultural practices, and innovations of nomadic societies.</p></li><li><p>Includes interactive activities: <em>Life Before and After the Agricultural Revolution</em> guided practice, <em>Al-Ula and Arabian Trade</em> case study, <em>Journal of Insights</em>, and <em>Check Your Understanding</em>.</p></li><li><p>Promotes understanding of how the Agricultural Revolution provided stable food sources, enabled surplus, and fostered larger populations, settlements, and cooperation in early villages.</p></li></ul><p></p>', 366, 436, 636, 1, 'backend/uploads/1756730723924-9362ccbe-22df-4c85-9f59-04ca5eae3968.pptx', 'SS_Hist1_G10_U2_L1.pptx', 2519613, 'pptx', 'backend/uploads/1756730723932-10a4cf97-b1fd-4448-91df-f2d5e09b2d9f.png', 'draft', 0, 0, 0, 0, 0, '2025-09-01 05:45:23', '2025-09-02 01:41:13', 48),
(138, 'U2 L2: Mesopotamia – Cradle of Civilization', '<ul><li><p>This presentation explores Mesopotamia’s geography, agriculture, governance, and social structures, highlighting innovations in writing, law, science, and architecture.</p></li><li><p>Includes interactive activities: <em>Build Your City-State</em> and <em>Artifact Stations</em> for analyzing cultural and historical evidence.</p></li><li><p>Promotes understanding of Mesopotamia’s role in trade, cultural exchange, and literature such as <em>The Epic of Gilgamesh</em>, with lessons on leadership, friendship, and human values.</p></li></ul><p></p>', 366, 436, 636, 1, 'backend/uploads/1756730850999-7ba1c3ba-ed35-482a-8451-cf78bdd068a9.pptx', 'SS_Hist1_G10_U2_L2.pptx', 3302799, 'pptx', 'backend/uploads/1756730851011-eaa73c7c-4660-42a8-8a7c-2e8d21e68b05.png', 'draft', 0, 0, 0, 0, 0, '2025-09-01 05:47:31', '2025-09-02 01:41:13', 47),
(139, 'U2 L3: Ancient Egypt – Society by the Nile', '<ul><li><p>This presentation examines the Nile River’s central role in supporting Egyptian civilization, including agriculture, settlement, and trade.</p></li><li><p>Includes interactive activities: <em>Social Class Analysis</em> of Egyptian hierarchy and <em>Innovation Review</em> discussing lasting engineering and technological achievements.</p></li><li><p>Promotes understanding of Egypt’s social structure, contributions to human progress, and critical reflection on hierarchy and cultural legacy.</p></li></ul><p></p>', 366, 436, 636, 1, 'backend/uploads/1756730950129-a89215ba-b4d9-4536-b197-8dee20378178.pptx', 'SS_Hist1_G10_U2_L3.pptx', 1846872, 'pptx', 'backend/uploads/1756730950134-348353e2-db80-436a-8c8b-c85bfee73800.png', 'draft', 0, 0, 0, 0, 0, '2025-09-01 05:49:10', '2025-09-02 01:41:13', 46),
(140, 'U2 L4: The Indus Valley – A Mysterious Civilization', '<ul><li><p>This presentation introduces the geography, urban planning, social structure, and technological achievements of the Indus Valley Civilization.</p></li><li><p>Includes interactive activity: <em>Design Your Own City,</em> where students act as Indus Valley planners to create and share city layouts.</p></li><li><p>Promotes awareness of the strengths and mysteries of the Indus Valley, theories on its decline, and reflection on how geography and innovation shaped civilizations.</p></li></ul><p></p>', 366, 436, 636, 1, 'backend/uploads/1756731076997-f6a33a89-93a0-48a2-9409-f93e91ac87ed.pptx', 'SS_Hist1_G10_U2_L4.pptx', 4982481, 'pptx', 'backend/uploads/1756731077027-7c88892b-cb8b-462a-a6c8-6770674bed7e.png', 'draft', 0, 0, 0, 0, 0, '2025-09-01 05:51:17', '2025-09-02 01:41:13', 45),
(141, 'U2 L5: Ancient China – Dynasties and Innovations', '<ul><li><p>This presentation explores the geography of China, the role of isolation in shaping innovation, and provides an overview of major dynasties and their contributions.</p></li><li><p>Includes interactive activities: <em>Be the Emperor!</em> decision-making role-play, <em>Pair and Share</em> discussions, and timeline analysis of dynasties.</p></li><li><p>Promotes understanding of Chinese philosophies, world-changing innovations, and enduring landmarks such as the Great Wall.</p></li></ul><p></p>', 366, 436, 636, 1, 'backend/uploads/1756731529251-0f36692b-4ec0-4c7f-b08f-332d4bd868c5.pptx', 'SS_Hist1_G10_U2_L5.pptx', 9461150, 'pptx', 'backend/uploads/1756731589609-c9272a6b-a83a-4ec4-9606-760e48951586.png', 'draft', 0, 0, 0, 0, 0, '2025-09-01 05:58:49', '2025-09-02 01:41:13', 44),
(142, 'U3 L1: The Birth of Islam and the Life of Prophet Muhammad (PBUH)', '<ul><li><p>This presentation explores Arabia before Islam, the early life of Prophet Muhammad (PBUH), the first revelation, opposition, and the Hijrah to Madinah, highlighting the Constitution of Madinah and its principles of unity and tolerance.</p></li><li><p>Includes interactive activities: <em>Timeline of the Prophet’s Life</em> guided practice and <em>Group Reflections</em> on how Islam reformed pre-Islamic society.</p></li><li><p>Promotes understanding of the Qur’an as guidance, the Five Pillars of Islam, Hajj as a symbol of unity, and the Prophet’s role in building a just and cohesive community.</p></li></ul><p></p>', 366, 436, 636, 1, 'backend/uploads/1756732821548-364f91e6-b670-4ac3-85f5-273fcb549f94.pptx', 'SS_Hist1_G10_U3_L1.pptx', 3529192, 'pptx', 'backend/uploads/1756732821571-797e9be0-9156-4aed-a3a7-3b6e9ccbf32a.png', 'draft', 0, 0, 0, 0, 0, '2025-09-01 06:20:21', '2025-09-02 01:41:13', 43),
(143, 'U3 L2: The Spread of Islam and Early Caliphates', '<ul><li><p>This presentation examines the spread of Islam through trade, travel, language, and leadership, focusing on the Rashidun, Umayyad, and Abbasid Caliphates.</p></li><li><p>Includes interactive activities: <em>Caliphate Comparison Table</em> and <em>Role Play the Caliphs</em> to analyze leadership and expansion.</p></li><li><p>Promotes understanding of the mechanisms of Islamic expansion, the impact of Islam on society, and the Golden Age of the Abbasids.</p></li></ul><p></p>', 366, 436, 636, 1, 'backend/uploads/1756732926108-4c1c9913-7448-4dc5-a32f-fd0cce344b7d.pptx', 'SS_Hist1_G10_U3_L2.pptx', 1749213, 'pptx', 'backend/uploads/1756732926120-8d126bb9-1cb6-4a14-a918-058984f196cb.png', 'draft', 0, 0, 0, 0, 0, '2025-09-01 06:22:06', '2025-09-02 01:41:13', 42),
(144, 'U3 L3: The Golden Age of Islamic Civilization', '<ul><li><p>This presentation explores why the Islamic Golden Age flourished, highlighting achievements in medicine, mathematics, astronomy, optics, chemistry, philosophy, and translation.</p></li><li><p>Includes interactive activities: <em>Scholar Snapshots</em> and <em>Build a Knowledge Timeline</em> to connect contributions across fields and scholars.</p></li><li><p>Promotes appreciation of Islamic values in the pursuit of knowledge, the era’s influence on Europe and the world, and the lasting legacy of scientific and cultural advancements.</p></li></ul><p></p>', 366, 436, 636, 1, 'backend/uploads/1756732989507-a368d461-f68e-4a4e-8a36-490d11fe75b7.pptx', 'SS_Hist1_G10_U3_L3.pptx', 3115645, 'pptx', 'backend/uploads/1756732989523-d15bcf3d-29e5-406d-a685-2b2f7f8abbcc.png', 'draft', 0, 0, 0, 0, 0, '2025-09-01 06:23:09', '2025-09-02 01:41:13', 41),
(145, 'U3 L4: Islamic Art and Architecture', '<ul><li><p>This presentation explores the principles of Islamic art, mosque architecture, and forms of artistic expression, highlighting calligraphy, symmetry, and arabesque as spiritual elements of design.</p></li><li><p>Includes interactive activity: <em>Design Your Space</em> where students create a prayer or reflection space using Islamic design principles, along with case studies of iconic structures like the Sheikh Zayed Mosque and the Louvre Abu Dhabi dome.</p></li><li><p>Promotes appreciation of Islamic art’s beauty, purpose, and influence on global culture and architecture.</p></li></ul><p></p>', 366, 436, 636, 1, 'backend/uploads/1756733071780-eabbda64-371e-4cf0-bbd4-af4ba22cbbe4.pptx', 'SS_Hist1_G10_U3_L4.pptx', 4219170, 'pptx', 'backend/uploads/1756733071805-387cee43-59cf-41a0-92cd-079845cc082b.png', 'draft', 0, 0, 0, 0, 0, '2025-09-01 06:24:31', '2025-09-02 01:41:13', 40);
INSERT INTO `resources` (`resource_id`, `title`, `description`, `type_id`, `subject_id`, `grade_id`, `created_by`, `file_path`, `file_name`, `file_size`, `file_extension`, `preview_image`, `status`, `download_count`, `view_count`, `likes`, `comments`, `is_featured`, `created_at`, `updated_at`, `display_order`) VALUES
(146, 'U3 L5: Islamic Civilization’s Global Impact', '<ul><li><p>This presentation examines the global influence of Islamic civilization through trade networks, cultural exchange, education, governance, and social welfare.</p></li><li><p>Includes interactive activities: <em>Matching Contributions</em> to modern equivalents and a <em>Legacy Map</em> presentation to trace Islamic influence worldwide.</p></li><li><p>Promotes appreciation of Islamic principles of tolerance, justice, and charity, along with the enduring legacy of scientific, cultural, and social contributions.</p></li></ul><p></p>', 366, 436, 636, 1, 'backend/uploads/1756733164353-cc0849d8-91fb-4f3a-98e8-1c5effe5bfe6.pptx', 'SS_Hist1_G10_U3_L5.pptx', 3075944, 'pptx', 'backend/uploads/1756733164371-6db350c6-3cbb-43ea-80b0-5a6ca27856ea.png', 'draft', 0, 0, 0, 0, 0, '2025-09-01 06:26:04', '2025-09-02 01:41:13', 39),
(147, 'U4 L1: The Persian Empire', '<ul><li><p>This presentation explores the rise of the Persian Empire, its governance through the satrapy system, and the cultural influence seen in Persian architecture, art, literature, and philosophy.</p></li><li><p>Includes interactive activities: <em>Source Analysis</em> of the Cyrus Cylinder and <em>Build Your Own Empire</em> role-play.</p></li><li><p>Promotes understanding of values such as justice, fairness, and cultural tolerance in Persian rule and their echoes in modern governance.</p></li></ul><p></p>', 366, 436, 636, 1, 'backend/uploads/1756733256393-dee83b87-7996-4bfc-8199-af081914d011.pptx', 'SS_Hist1_G10_U4_L1.pptx', 4267186, 'pptx', 'backend/uploads/1756733256414-4abf7927-cae0-4113-9588-40f8ab2cb31d.png', 'draft', 0, 0, 0, 0, 0, '2025-09-01 06:27:36', '2025-09-02 01:41:13', 38),
(148, 'U4 L2: The Greek Empire – Foundations of Western Civilization', '<ul><li><p>This presentation examines the geography of Greek city-states, the contrasts between Athens and Sparta, and key historical events such as the Persian Wars, Peloponnesian War, and the rise of Alexander the Great.</p></li><li><p>Includes interactive activities: <em>Athens vs. Sparta Debate</em> and <em>Match the Contribution</em> to explore Greek cultural and political achievements.</p></li><li><p>Promotes understanding of the Golden Age of Athens, the foundations of democracy, and Greece’s lasting influence on world history.</p></li></ul><p></p>', 366, 436, 636, 1, 'backend/uploads/1756733416912-d19d0385-b68b-455e-b25e-c7e95d640f30.pptx', 'SS_Hist1_G10_U4_L2.pptx', 9390702, 'pptx', 'backend/uploads/1756733417181-5d39e02e-25ba-4205-b1b8-c02162d77585.png', 'draft', 0, 0, 0, 0, 0, '2025-09-01 06:30:17', '2025-09-02 01:41:13', 37),
(149, 'U4 L3: The Roman Empire', '<ul><li><p>This presentation explores the rise and expansion of Rome, covering the Punic Wars, the leadership of Julius Caesar and Augustus, and the Pax Romana.</p></li><li><p>Includes interactive activities: <em>Engineering Matching</em> to connect Roman innovations with their purposes, and discussion tasks on leadership, stability, and administration.</p></li><li><p>Promotes understanding of Rome’s legal and administrative systems, engineering achievements, and the empire’s lasting influence on governance, infrastructure, and culture.</p></li></ul><p></p>', 366, 436, 636, 1, 'backend/uploads/1756733507428-d6f05ef4-dc07-4151-8d13-30872d940fe6.pptx', 'SS_Hist1_G10_U4_L3.pptx', 4165483, 'pptx', 'backend/uploads/1756733507449-e22cb046-12dc-4c35-8e9b-1190c29f5122.png', 'draft', 0, 0, 0, 0, 0, '2025-09-01 06:31:47', '2025-09-02 01:41:13', 36),
(150, 'U4 L4: The Ottoman Empire', '<ul><li><p>This presentation examines the origins, expansion, and governance of the Ottoman Empire, highlighting the leadership of Suleiman the Magnificent and contributions in science, architecture, art, poetry, and literature.</p></li><li><p>Includes interactive activity: <em>Timeline Sort</em> of key events to understand the empire’s growth, decline, and dissolution.</p></li><li><p>Promotes understanding of the Ottoman legacy, reasons for its fall, the role of Mustafa Kemal Atatürk, and the unification of Saudi Arabia under King Abdulaziz as a revival of identity and values.</p></li></ul><p></p>', 366, 436, 636, 1, 'backend/uploads/1756733710233-eaf44121-94b5-4ec3-bc3e-23294e2594b8.pptx', 'SS_Hist1_G10_U4_L4.pptx', 39205236, 'pptx', 'backend/uploads/1756733714569-a8ac1365-ece0-43ca-a377-92713aa6c64a.png', 'draft', 0, 0, 0, 0, 0, '2025-09-01 06:35:14', '2025-09-02 01:41:13', 35),
(151, 'U4 L5: Cultural and Religious Exchanges', '<ul><li><p>This presentation explores the Middle East as a crossroads of cultures, highlighting Baghdad’s role in global learning and the influence of trade routes beyond economics.</p></li><li><p>Includes interactive activity: <em>Cultural Influence Match-Up</em> to connect exchanges in science, mathematics, food, and faith traditions across civilizations.</p></li><li><p>Promotes appreciation of intellectual and cultural exchange during the Islamic Golden Age, the spread of values through religion, and Islamic teachings on learning from others.</p></li></ul><p></p>', 366, 436, 636, 1, 'backend/uploads/1756733881692-501446ad-584f-4f75-b4b5-47337eef218b.pptx', 'SS_Hist1_G10_U4_L5.pptx', 8782273, 'pptx', 'backend/uploads/1756733881883-c9952ac7-bc1b-43f9-a194-b91e0adc6106.png', 'draft', 0, 0, 0, 0, 0, '2025-09-01 06:38:01', '2025-09-02 01:41:13', 34),
(152, 'U4 L6: The Impact of Empire on Modern Borders and Conflicts', '<ul><li><p>This presentation examines how empires shaped modern borders, the tensions they created, and case studies such as the Kurds.</p></li><li><p>Includes interactive activities: <em>Border Tracing</em> and <em>Conflict Role-play,</em> where students analyze empire-border conflicts and propose peaceful solutions.</p></li><li><p>Promotes understanding of empire legacies, Islamic values in conflict resolution, and the importance of justice and peaceful coexistence.</p></li></ul><p></p>', 366, 436, 636, 1, 'backend/uploads/1756734036021-291f122b-07a4-46d9-add2-b695ca327967.pptx', 'SS_Hist1_G10_U4_L6.pptx', 9556181, 'pptx', 'backend/uploads/1756734036312-6aae3cd3-a4d6-499f-89ff-97dc79931179.png', 'draft', 0, 0, 0, 0, 0, '2025-09-01 06:40:36', '2025-09-02 01:41:13', 33),
(153, 'U1 L1: Introduction to Demography (Part1 )', '<ul><li><p>This presentation introduces demography, its core concepts, and the factors influencing population changes, using Saudi Arabia’s recent population growth as a case study.</p></li><li><p>Includes interactive discussions on population distribution, birth rates, death rates, migration, and aging, with questions linking to Saudi society and economy.</p></li><li><p>Promotes understanding of demographic dynamics, their social, economic, and policy implications, and the role of culture, religion, and healthcare in shaping population trends.</p></li></ul><p></p>', 366, 436, 637, 1, 'backend/uploads/1756734174212-909abdd1-cab1-46bc-a3b5-acb1c71ab6e3.pptx', 'SS_Geo2_G11_U1_L1_Part1.pptx', 826274, 'pptx', 'backend/uploads/1756734174214-828204bc-1945-45aa-8531-0c1bb6501a9d.png', 'draft', 0, 0, 0, 0, 0, '2025-09-01 06:42:54', '2025-09-02 01:41:13', 32),
(154, 'U1 L1: Introduction to Demography (Part 2)', '<ul><li><p>This presentation introduces demography and its key concepts - population size, distribution, birth rates, death rates, migration, aging, and life expectancy—using Saudi Arabia and global comparisons.</p></li><li><p>Includes interactive activities: discussions on population trends, <em>Socratic Q&amp;A</em> on birth and death rates, <em>Team Investigation</em> of life expectancy in Japan, Nigeria, and Saudi Arabia, and case-based tasks on aging populations.</p></li><li><p>Promotes understanding of demographic dynamics, their social, economic, and policy implications, and connects Saudi Arabia’s Vision 2030 strategies to managing aging populations and healthcare needs.</p></li></ul><p></p>', 366, 436, 637, 1, 'backend/uploads/1756734253571-11b9385c-7a48-4f81-a3f0-cd98d018da60.pptx', 'SS_Geo2_G11_U1_L1_Part2.pptx', 2082186, 'pptx', 'backend/uploads/1756734253577-67b26dfd-6d02-4d77-8c3f-b42d18658e6c.png', 'draft', 0, 0, 0, 0, 0, '2025-09-01 06:44:13', '2025-09-02 01:41:13', 31),
(156, 'U1 L2: Factors Influencing Population Growth', '<ul><li><p>This presentation explains the economic, social, cultural, environmental, and political factors that influence population growth, with examples from Saudi Arabia and global case studies.</p></li><li><p>Includes interactive activities: <em>Role Play</em> on the impact of economic recession, <em>Family Choices Across Cultures</em> research (Nigeria, Japan, India, Germany), and <em>Design a Population Policy</em> group task linked to Vision 2030.</p></li><li><p>Promotes understanding of how economic conditions, migration, cultural norms, and environmental changes shape population growth and distribution, while encouraging policy-based solutions.</p></li></ul><p></p>', 366, 436, 637, 1, 'backend/uploads/1756734474874-a4e31c35-63e9-4f69-8c1f-f66c6f0c8599.pptx', 'SS_Geo2_G11_U1_L2.pptx', 1702185, 'pptx', 'backend/uploads/1756734474882-2b158f17-5a6f-4ae6-a0db-a05d0bba47c9.png', 'draft', 0, 0, 0, 0, 0, '2025-09-01 06:47:54', '2025-09-02 01:41:13', 30),
(157, 'U1 L3: Migration Patterns and Their Impacts', '<ul><li><p>This presentation defines migration, its types, and the push–pull factors that influence movement, using global and Saudi examples.</p></li><li><p>Includes interactive activities: <em>Migration Decision Simulation</em> with role-play scenarios and <em>Ripple Effect Analysis</em> to study economic, social, and environmental impacts.</p></li><li><p>Promotes understanding of how migration shapes societies, economies, and environments, while linking to Saudi Arabia’s Vision 2030 strategies for sustainable urban growth</p></li></ul><p></p>', 366, 436, 637, 1, 'backend/uploads/1756734830116-9fc20195-c75c-47ce-b9a2-ff93c5af1a05.pptx', 'SS_Geo2_G11_U1_L3.pptx', 541902, 'pptx', 'backend/uploads/1756734830119-71635a06-e7e9-4c69-8f0e-acb4ef206578.png', 'draft', 0, 0, 0, 0, 0, '2025-09-01 06:53:50', '2025-09-02 01:41:13', 29),
(158, 'U1 L4: Population Policies and Their Implications', '<ul><li><p>This presentation examines population policies, including pro-natalist and anti-natalist strategies, and how migration policies influence demographic balance.</p></li><li><p>Includes interactive activity: <em>Vision 2030 Impact Map,</em> where students link initiatives like NEOM, Green Riyadh, Saudization, and tourism projects to population outcomes.</p></li><li><p>Promotes understanding of how policies shape population growth, the challenges of extreme growth rates, and Saudi Arabia’s Vision 2030 goals for sustainable demographic management.</p></li></ul><p></p>', 366, 436, 637, 1, 'backend/uploads/1756735174093-f70a80ba-6876-456b-b0d7-4a24bcf88c24.pptx', 'SS_Geo2_G11_U1_L4.pptx', 1356188, 'pptx', 'backend/uploads/1756735174098-f96a1a95-bdb7-4aee-877f-67708c1b6982.png', 'draft', 0, 0, 0, 0, 0, '2025-09-01 06:59:34', '2025-09-02 01:41:13', 28),
(159, 'U2 L1: Understanding Urbanization', '<ul><li><p>This presentation introduces the concept of urbanization, its historical trends, and the economic, social, technological, and policy factors driving population shifts from rural to urban areas.</p></li><li><p>Includes interactive activity: <em>Design Your Future City,</em> where students create sustainable city models addressing growth, sustainability, and inclusivity.</p></li><li><p>Promotes understanding of the social, economic, and environmental impacts of urbanization globally and in Saudi Arabia, while encouraging solutions for future challenges.</p></li></ul><p></p>', 366, 436, 637, 1, 'backend/uploads/1756735331537-69f6cb9f-a1d2-4279-949c-68740ce5d9b7.pptx', 'SS_Geo2_G11_U2_L1.pptx', 3650269, 'pptx', 'backend/uploads/1756735331550-960d9129-206c-42d0-acc7-dd2b1fc2759d.png', 'draft', 0, 0, 0, 0, 0, '2025-09-01 07:02:11', '2025-09-02 01:41:13', 27),
(160, 'U2 L2: Social and Economic Impacts of Urbanization', '<ul><li><p>This presentation examines the positive and negative effects of urbanization, including improved education, healthcare, and cultural diversity, alongside challenges such as overcrowding, inequality, and weakened community bonds.</p></li><li><p>Includes interactive activities: <em>Case Study Comparison</em> (Copenhagen, Tokyo, Lagos) and an <em>Interactive Reflection Circle</em> on local urbanization impacts and solutions.</p></li><li><p>Promotes understanding of how urbanization shapes societies and economies, and encourages students to evaluate strategies relevant to Saudi Arabia.</p></li></ul><p></p>', 366, 436, 637, 1, 'backend/uploads/1756735422077-8d39cfe2-fd10-4b4c-a05a-72cbc2f44de8.pptx', 'SS_Geo2_G11_U2_L2.pptx', 2118701, 'pptx', 'backend/uploads/1756735422084-7d039ebb-4fe9-47cf-844f-959141b587e8.png', 'draft', 0, 0, 0, 0, 0, '2025-09-01 07:03:42', '2025-09-02 01:41:13', 26),
(161, 'U2 L3: Environmental Consequences of Urbanization', '<ul><li><p>This presentation explores the environmental impacts of urbanization, including air and water pollution, soil degradation, waste challenges, loss of green spaces, and the urban heat island effect.</p></li><li><p>Includes interactive activities: <em>Urbanization Web Map</em>, <em>Quick Poll</em> on perceptions of urbanization, and <em>Brain Booster</em> tasks linking societal and environmental impacts to solutions.</p></li><li><p>Promotes awareness of sustainable urban development, the benefits of green spaces, and Vision 2030 initiatives addressing urban environmental challenges in Saudi Arabia.</p></li></ul><p></p>', 366, 436, 637, 1, 'backend/uploads/1756735523580-b1d03ac4-7374-40e1-90fb-ed6b45351e47.pptx', 'SS_Geo2_G11_U2_L3.pptx', 967773, 'pptx', 'backend/uploads/1756735523584-0c225e92-c664-4d3d-bb18-6a83e15b95bf.png', 'draft', 0, 0, 0, 0, 0, '2025-09-01 07:05:23', '2025-09-02 01:41:13', 25),
(162, 'U2 L4: Planning for Sustainable Urban Growth', '<ul><li><p>This presentation introduces the principles of sustainable urban planning, emphasizing efficient land use, integrated transportation, green infrastructure, and community involvement.</p></li><li><p>Includes interactive activities: <em>Collaborative Urban Planning Workshop,</em> where students role-play stakeholders to design sustainable projects, and case study discussions on Dubai, Curitiba, and NEOM.</p></li><li><p>Promotes awareness of balancing urban growth with sustainability, Vision 2030’s smart city initiatives, and lessons from global models.</p></li></ul><p></p>', 366, 436, 637, 1, 'backend/uploads/1756735666816-cde352b9-991d-4019-bef1-ccd08114a3df.pptx', 'SS_Geo2_G11_U2_L4.pptx', 4327860, 'pptx', 'backend/uploads/1756735666854-7dec0e1d-7762-4e22-98ea-bb59825cf0fa.png', 'draft', 0, 0, 0, 0, 0, '2025-09-01 07:07:46', '2025-09-02 01:41:13', 24),
(163, 'U3 L1: Introduction to Economic Geography', '<ul><li><p>This presentation introduces economic geography, its key concepts, and the factors influencing economic activities such as natural resources, climate, topography, and market access.</p></li><li><p>Includes interactive activities: <em>Map Analysis</em> of global resource distribution, sector exploration, and discussions on Vision 2030 initiatives like NEOM and tourism projects.</p></li><li><p>Promotes understanding of the relationship between geography and economics, the uneven distribution of industries worldwide, and Saudi Arabia’s efforts at diversification and sustainability.</p></li></ul><p></p>', 366, 436, 637, 1, 'backend/uploads/1756735757583-7ce3c7e1-876b-4b37-91ff-cae2dddb7a28.pptx', 'SS_Geo2_G11_U3_L1.pptx', 6146459, 'pptx', 'backend/uploads/1756735757632-26c94db4-863c-444c-a539-0050ca35f6e0.png', 'draft', 0, 0, 0, 0, 0, '2025-09-01 07:09:17', '2025-09-02 01:41:13', 23),
(164, 'U3 L2: Global Trade and Interdependence', '<ul><li><p>This presentation defines global trade and economic interdependence, explaining exports, imports, and trade balance while highlighting the benefits and challenges of international exchange.</p></li><li><p>Includes interactive activity: <em>Global Trade Simulation,</em> where students act as exporters, mediators, and importers to negotiate trade deals.</p></li><li><p>Promotes understanding of globalization, Saudi Arabia’s role in oil exports and imports of technology, and the importance of cooperation in sustaining global economies.</p></li></ul><p></p>', 366, 436, 637, 1, 'backend/uploads/1756735833099-5cda3848-961e-4003-9482-e088fc28d61d.pptx', 'SS_Geo2_G11_U3_L2.pptx', 2522774, 'pptx', 'backend/uploads/1756735833120-c02d717e-e820-40fc-9885-8f0f9670394b.png', 'draft', 0, 0, 0, 0, 0, '2025-09-01 07:10:33', '2025-09-02 01:41:13', 22),
(165, 'U3 L3: The Economics of Natural Resources', '<ul><li><p>This presentation explains renewable and non-renewable resources, their uneven distribution, and their economic and environmental impacts, with a focus on Saudi Arabia’s oil reserves and Vision 2030 sustainability goals.</p></li><li><p>Includes interactive activities: <em>Brainstorming Critical Resources</em>, <em>Socratic Discussion</em> on oil depletion, and <em>Group Task</em> to design a sustainable energy plan for Saudi Arabia.</p></li><li><p>Promotes understanding of resource exploitation, job creation, environmental challenges, and strategies for sustainable management.</p></li></ul><p></p>', 366, 436, 637, 1, 'backend/uploads/1756735918903-ca56bee0-adce-4fef-9c75-ec5bcdc5561c.pptx', 'SS_Geo2_G11_U3_L3.pptx', 3020585, 'pptx', 'backend/uploads/1756735918920-9997ffba-c33d-41cf-8c32-fcdd022e475f.png', 'draft', 0, 0, 0, 0, 0, '2025-09-01 07:11:58', '2025-09-02 01:41:13', 21),
(166, 'U3 L4: Sustainable Economic Development', '<ul><li><p>This presentation introduces sustainable economic development, highlighting frameworks like the Triple Bottom Line (Profit, People, Planet) and the Circular Economy.</p></li><li><p>Includes interactive activities: <em>Socratic Discussion</em> on the Red Sea Project, case study analysis of Vision 2030 initiatives (NEOM, renewable energy, sustainable tourism), and a <em>Sustainability Proposal</em> group project.</p></li><li><p>Promotes understanding of challenges in balancing profit, environment, and social equity while encouraging strategies for renewable energy, sustainable agriculture, cultural preservation, and inclusive growth.</p></li></ul><p></p>', 366, 436, 637, 1, 'backend/uploads/1756735984169-7824a971-9792-4a11-83fd-c7715c145d18.pptx', 'SS_Geo2_G11_U3_L4.pptx', 5215206, 'pptx', 'backend/uploads/1756735984191-39b2e6fc-b375-4e0c-947b-ee375c5e3bf0.png', 'draft', 0, 0, 0, 0, 0, '2025-09-01 07:13:04', '2025-09-02 01:41:13', 20),
(167, 'U4 L1: Introduction to Political and Cultural Geography', '<ul><li><p>This presentation introduces political and cultural geography, focusing on boundaries, sovereignty, geopolitics, cultural identity, and cultural diffusion.</p></li><li><p>Includes interactive activities: <em>Case Study</em> on Belgium’s linguistic divisions and <em>Cultural Diffusion in Action</em> group presentations (expansion, relocation, hierarchical diffusion).</p></li><li><p>Promotes understanding of how geography shapes political systems, cultural identity, and societal interactions, with connections to Saudi Arabia’s boundaries and cultural diffusion.</p></li></ul><p></p>', 366, 436, 637, 1, 'backend/uploads/1756736058269-d70717db-b508-4ed4-891e-19c757543a44.pptx', 'SS_Geo2_G11_U4_L1.pptx', 5673806, 'pptx', 'backend/uploads/1756736058300-703f99ea-b244-4310-ba32-39199fb19150.png', 'draft', 0, 0, 0, 0, 0, '2025-09-01 07:14:18', '2025-09-02 01:41:13', 19),
(168, 'U4 L2: The Role of Political Boundaries in Cultural Identity', '<ul><li><p>This presentation examines the historical significance of political boundaries, their impact on cultural identity, and case studies of border conflicts and cultural blending.</p></li><li><p>Includes interactive activities: <em>Personal Stories</em> on border influence, <em>Case Study</em> of the Kurdish population, and <em>Group Analysis</em> of UAE–Oman border cultural exchanges.</p></li><li><p>Promotes understanding of nation-states, colonial boundaries, and how borders can unite or divide communities, with emphasis on regional history and identity.</p></li></ul><p></p>', 366, 436, 637, 1, 'backend/uploads/1756736117239-bb1851bf-7966-464e-8b47-d29b7d54e376.pptx', 'SS_Geo2_G11_U4_L2.pptx', 5157930, 'pptx', 'backend/uploads/1756736117260-793a2d3c-e5cd-4b70-94de-dd77de97e34a.png', 'draft', 0, 0, 0, 0, 0, '2025-09-01 07:15:17', '2025-09-02 01:41:13', 18),
(169, 'U4 L3: Cultural Changes in a Globalized World', '<ul><li><p>This presentation introduces globalization and cultural diffusion, analyzing their effects on cultural identity with a focus on Saudi Arabia’s experiences.</p></li><li><p>Includes interactive activities: <em>Inquiry Discussion</em> on cultural diffusion, <em>Socratic Reflection</em> on youth strategies, and a <em>Reflective Activity</em> linking globalization and Saudi culture.</p></li><li><p>Promotes awareness of globalization’s opportunities and challenges, strategies for cultural preservation, and Vision 2030 initiatives such as Diriyah restoration and cultural tourism.</p></li></ul><p></p>', 366, 436, 637, 1, 'backend/uploads/1756736246895-609e95cd-3e25-459b-9d2b-12dc52e3c293.pptx', 'SS_Geo2_G11_U4_L3.pptx', 4130564, 'pptx', 'backend/uploads/1756736246910-cbede33c-3505-4ffe-b813-8faae88b6bcb.png', 'draft', 0, 0, 0, 0, 0, '2025-09-01 07:16:33', '2025-09-02 01:41:13', 17),
(170, 'U4 L4: Political Decisions and Cultural Landscapes', '<ul><li><p>This presentation explores cultural landscapes as products of human activity, examining how political decisions influence urban planning, zoning, and heritage preservation.</p></li><li><p>Includes interactive activities: <em>Case Study</em> of Hammarby Sjöstad in Stockholm, analysis of Vision 2030 initiatives, and a <em>Creative Project</em> to design cultural preservation plans for local or regional sites.</p></li><li><p>Promotes understanding of the role of governance in shaping cultural identity, the balance between development and heritage, and the global importance of preservation efforts.</p></li></ul><p></p>', 366, 436, 637, 1, 'backend/uploads/1756736308717-c03fd53e-5ee9-4d80-8ca3-47ff52b932ac.pptx', 'SS_Geo2_G11_U4_L4.pptx', 3149028, 'pptx', 'backend/uploads/1756736308727-2068a626-bf26-489a-b2af-c0a10bd3a308.png', 'draft', 0, 0, 0, 0, 0, '2025-09-01 07:18:28', '2025-09-02 01:41:13', 16),
(171, 'U1 L1: The Renaissance – Rebirth of Arts and Sciences', '<ul><li><p>This presentation introduces the Renaissance as a period of rebirth in art, science, and literature, exploring its causes, humanism, and contributions to the modern world.</p></li><li><p>Includes interactive activities: <em>Renaissance Fact Sort</em> and <em>Then &amp; Now</em> comparison to link historical and modern advancements.</p></li><li><p>Promotes appreciation of Renaissance art, science, and literature, recognition of Islamic contributions through translation and knowledge transfer, and reflection on how seeking knowledge aligns with Islamic values.</p></li></ul><p></p>', 366, 436, 638, 1, 'backend/uploads/1756736526151-e90029eb-5706-43bb-a2fa-bdd5a85a9987.pptx', 'SS_Hist2_G12_U1_L1.pptx', 37858006, 'pptx', 'backend/uploads/1756790602567-7dcb414d-81be-4701-b45e-427ea76bbd4e.png', 'draft', 0, 0, 0, 0, 0, '2025-09-01 07:22:10', '2025-09-02 02:20:23', 16),
(172, 'U1 L2: The Reformation – A Religious Transformation', '<ul><li><p>This presentation examines the causes and effects of the Reformation, focusing on Martin Luther’s 95 Theses, other reformers, and the Catholic Counter-Reformation.</p></li><li><p>Includes interactive activities: <em>Reform Comparison Chart</em> and <em>Debate Arena,</em> where students argue whether the Reformation was about belief or politics.</p></li><li><p>Promotes understanding of how questioning authority sparked religious and political change, the role of technology in spreading ideas, and the lasting impact of reform movements on society.</p></li></ul><p></p>', 366, 436, 638, 1, 'backend/uploads/1756791123623-6463fd6f-481f-441f-9045-9e9106b9642d.pptx', 'SS_Hist2_G12_U1_L2.pptx', 63091704, 'pptx', 'backend/uploads/1756791131212-0f8c2024-95fb-44a4-99a3-7518ae13a0a3.png', 'draft', 0, 0, 0, 0, 0, '2025-09-01 22:32:11', '2025-09-02 02:20:23', 15),
(173, 'U1 L3: The Enlightenment – The Rise of Reason', '<ul><li><p>This presentation explores Enlightenment ideals such as reason, free will, and challenges to tradition, highlighting their influence on revolutions and modern thought.</p></li><li><p>Includes interactive activities: <em>Enlightenment Matching</em> and <em>Enlightenment Role-play,</em> where students embody thinkers to debate key ideas.</p></li><li><p>Promotes understanding of the relevance of Enlightenment principles today, their connections to Islamic values, and how ideas can drive social and political change.</p></li></ul><p></p>', 366, 436, 638, 1, 'backend/uploads/1756792433081-3f5339fa-da7c-4c7a-8953-f28df692b84c.pptx', 'SS_Hist2_G12_U1_L3.pptx', 8234697, 'pptx', 'backend/uploads/1756792433195-c2f4e5c6-535d-4cf9-bcbe-03e7d6297f53.png', 'draft', 0, 0, 0, 0, 0, '2025-09-01 22:53:53', '2025-09-02 02:20:23', 14),
(174, 'U1 L4: The Scientific Revolution – A New View of the Universe', '<ul><li><p>This presentation examines the causes and key discoveries of the Scientific Revolution, emphasizing contributions from Muslim scholars and global influences on European science.</p></li><li><p>Includes interactive activities: <em>Scientist Timeline</em> and <em>Debate the Discovery,</em> where students defend traditional vs. new scientific perspectives.</p></li><li><p>Promotes appreciation of scientific inquiry, the relationship between reason and faith, and the importance of acknowledging diverse contributions to global knowledge.</p></li></ul><p></p>', 366, 436, 638, 1, 'backend/uploads/1756792571340-e5c3131c-75e6-44f3-a538-94eb136962cc.pptx', 'SS_Hist2_G12_U1_L4.pptx', 4300660, 'pptx', 'backend/uploads/1756792571356-7897b28f-72f7-4193-953d-5df41e234979.png', 'draft', 0, 0, 0, 0, 0, '2025-09-01 22:56:11', '2025-09-02 02:20:23', 13),
(175, 'U2 L1: The Industrial Revolution – A Technological Transformation', '<ul><li><p>This presentation explores the Agricultural Revolution as a foundation, the key inventions and inventors of the Industrial Revolution, and the conditions in Britain that made industrialization possible.</p></li><li><p>Includes interactive activities: <em>Factory Simulation</em> role-play to model production lines and <em>Learning Chronicle Reflection</em> on the impact of industrial change.</p></li><li><p>Promotes understanding of industrialization’s effects on urbanization, labor, and social reform, its global influence, and connections to modern technological transformations and Saudi Arabia’s innovation goals.</p></li></ul><p></p>', 366, 436, 638, 1, 'backend/uploads/1756792804292-3646caa1-995c-46f9-b5a0-10f2fe876511.pptx', 'SS_Hist2_G12_U2_L1.pptx', 7159794, 'pptx', 'backend/uploads/1756792804320-d70901d9-ae3a-4f2c-85fa-bf534172a67b.png', 'draft', 0, 0, 0, 0, 0, '2025-09-01 23:00:04', '2025-09-02 02:20:23', 12),
(176, 'U2 L2: European Colonization – Exploration and Empire', '<ul><li><p>This presentation examines the causes of European exploration, including curiosity, trade, adventure, and religion, and traces the routes of key explorers during the Renaissance.</p></li><li><p>Includes interactive activities: <em>Debate on Motivations</em> (religion vs. economics), <em>Debate on Empire Builders or Invaders</em>, and <em>Source Analysis</em> of colonial impacts.</p></li><li><p>Promotes critical reflection on European expansion, its effects on indigenous societies, and how colonization influenced nationalism and global history.</p></li></ul><p></p>', 366, 436, 638, 1, 'backend/uploads/1756792920753-f1c3adb0-14ed-4f63-b16d-4bfe5ffd18d4.pptx', 'SS_Hist2_G12_U2_L2.pptx', 6674486, 'pptx', 'backend/uploads/1756792920781-592df499-384f-4b9e-ba54-96d8195b501e.png', 'draft', 0, 0, 0, 0, 0, '2025-09-01 23:02:00', '2025-09-02 02:20:23', 11),
(177, 'U2 L3: The Spread of Industrialization – A Global Wave', '<ul><li><p>This presentation explores the global spread of industrialization, focusing on North America’s industrial growth, Japan’s Meiji modernization, and industrialization in colonies.</p></li><li><p>Includes interactive activities: <em>Comparison Activity</em> analyzing political freedom, economic policies, and outcomes, and <em>Timeline Creation</em> to trace industrial growth across regions.</p></li><li><p>Promotes understanding of how industrialization differed between independent nations and colonies, highlighting economic exploitation and global disparities.</p></li></ul><p></p>', 366, 436, 638, 1, 'backend/uploads/1756793053662-1c94f0cf-5ca9-4c44-8330-9274654da7e9.pptx', 'SS_Hist2_G12_U2_L3.pptx', 5145285, 'pptx', 'backend/uploads/1756793053677-e4215b80-d1ac-4072-8a8c-5cf75ad2986c.png', 'draft', 0, 0, 0, 0, 0, '2025-09-01 23:04:13', '2025-09-02 02:20:23', 10),
(178, 'U2 L4: The Economic and Social Consequences of Industrialization', '<ul><li><p>This presentation examines the economic changes brought by industrialization, including factory working conditions, child labor, urbanization, and shifts in social structure.</p></li><li><p>Includes interactive activities: <em>Role Play</em> between workers and owners to debate problems and propose reforms, and <em>Case Study Review</em> of labor movements.</p></li><li><p>Promotes understanding of the hardships of industrial society, the role of reforms and worker rights, and Islamic values on wealth-sharing and protection of the poor.</p></li></ul><p></p>', 366, 436, 638, 1, 'backend/uploads/1756793966328-07dbd34f-7580-4e4b-8979-43ed772326bc.pptx', 'SS_Hist2_G12_U2_L4.pptx', 11914636, 'pptx', 'backend/uploads/1756793966950-53739719-b4fc-4190-a2dc-d3dbfe9d6ddc.png', 'draft', 0, 0, 0, 0, 0, '2025-09-01 23:19:26', '2025-09-02 02:20:23', 9),
(179, 'U3 L1: World War I – The Great War', '<ul><li><p>This presentation examines the long-term causes of World War I, the assassination of Archduke Ferdinand, trench warfare, new technologies, and the global impact beyond Europe.</p></li><li><p>Includes interactive activities: <em>WWI Alliances Simulation</em> to model pre-war diplomacy and <em>Technology Role Cards</em> to explore warfare innovations.</p></li><li><p>Promotes understanding of the human cost of the war, the Treaty of Versailles, its consequences on the Muslim world, and Islamic principles of justice in conflict resolution.</p></li></ul><p></p>', 366, 436, 638, 1, 'backend/uploads/1756794396796-d8307bc2-0434-4406-8683-b1be6734fc53.pptx', 'SS_Hist2_G12_U3_L1.pptx', 24750545, 'pptx', 'backend/uploads/1756794399161-93ca2779-e42f-4d81-b346-b993b74674de.png', 'draft', 0, 0, 0, 0, 0, '2025-09-01 23:26:39', '2025-09-02 02:20:23', 8),
(182, 'U3 L3: The Cold War – Ideological Confrontation', '<ul><li><p>This presentation examines the Cold War rivalry between capitalism and communism, tracing key events such as the Iron Curtain, Truman Doctrine, Berlin Blockade, proxy wars, and the Cuban Missile Crisis.</p></li><li><p>Includes interactive activities: <em>Ideology Sorting</em> of values into capitalism or communism, and an <em>Interactive Reflection on Global Justice</em> comparing Cold War systems with Islamic principles of fairness and peace.</p></li><li><p>Promotes understanding of how superpower competition shaped world politics, the ethical dilemmas of aid and warfare, and the collapse of the USSR in 1991.</p></li></ul><p></p>', 366, 436, 638, 1, 'backend/uploads/1756795842993-bf7db4c6-3a0f-4ebf-8048-335119e423cf.pptx', 'SS_Hist2_G12_U3_L3.pptx', 35877962, 'pptx', 'backend/uploads/1756795846873-2853563c-d88c-4fbd-ac9a-4224b859aa59.png', 'draft', 0, 0, 0, 0, 0, '2025-09-01 23:50:46', '2025-09-02 02:21:16', 6),
(186, 'U3 L4: Regional Conflicts and Their Global Impact', '<ul><li><p>This presentation examines major regional conflicts of the late 20th century, including the Arab-Israeli conflict, the Iran-Iraq War, the Soviet-Afghan War, and the Gulf War.</p></li><li><p>Includes interactive activities: <em>Conflict Match-Up</em> to identify key features and a <em>Peace Negotiation Simulation</em> to explore strategies for conflict resolution.</p></li><li><p>Promotes awareness of the human cost of war, refugee crises, and the importance of peaceful resolution through international cooperation and justice.</p></li></ul><p></p>', 366, 436, 638, 1, 'backend/uploads/1756798680025-ae6535ce-bc04-499e-80ee-81f69381f7ec.pptx', 'SS_Hist2_G12_U3_L4.pptx', 38220094, 'pptx', 'backend/uploads/1756798684223-29b73dcb-4b68-4279-a96b-25ac4e404664.png', 'draft', 0, 0, 0, 0, 0, '2025-09-02 00:38:04', '2025-09-02 02:21:16', 5),
(187, 'U4 L1: The Rise of Globalization', '<ul><li><p>This presentation introduces globalization, tracing its roots from the Silk Road through the Age of Exploration and the Industrial Revolution to the modern era.</p></li><li><p>Includes interactive activities: <em>Globalization Sort</em> and <em>Globalization Debate,</em> where students argue whether globalization brings more benefits or harm, using history and Islamic values as evidence.</p></li><li><p>Promotes understanding of the drivers of globalization, its cultural and environmental impacts, and the role of Islamic civilization in shaping global connections.</p></li></ul><p></p>', 366, 436, 638, 1, 'backend/uploads/1756799435769-296c6e5a-7bff-40cb-abb6-ec1bf9b53e3e.pptx', 'SS_Hist2_G12_U4_L1.pptx', 36057878, 'pptx', 'backend/uploads/1756799439675-f6cbd9da-cf5e-47d8-9392-6b5f17b293e6.png', 'draft', 1, 0, 0, 0, 0, '2025-09-02 00:50:39', '2025-09-02 02:21:27', 4),
(188, 'U4 L2: Economic Impacts of Globalization', '<ul><li><p>This presentation explores the economic dimensions of globalization, including trade, market access, foreign direct investment, and technology.</p></li><li><p>Includes interactive activities: <em>Cause &amp; Effect Match</em> and <em>Globalization Think Tank,</em> where students design a fair global economy plan guided by Islamic principles.</p></li><li><p>Promotes understanding of the benefits and challenges of globalization, such as income inequality, labor exploitation, and environmental costs, while drawing lessons from China, India, and Saudi Arabia’s Vision 2030.</p></li></ul><p></p>', 366, 436, 638, 1, 'backend/uploads/1756799530386-986c4d8b-fb4a-4470-adb1-ef517078cd1f.pptx', 'SS_Hist2_G12_U4_L2.pptx', 8831052, 'pptx', 'backend/uploads/1756799530585-da23b393-32d3-4210-b6ba-c5f1035e3dce.png', 'draft', 0, 0, 0, 0, 0, '2025-09-02 00:52:10', '2025-09-02 02:20:36', 3),
(189, 'U4 L3: Cultural and Social Impacts of Globalization', '<ul><li><p>This presentation explores cultural exchange through globalization, including language, fashion, food, and media, alongside Islamic perspectives on cultural diversity.</p></li><li><p>Includes interactive activities: <em>Global Culture Map</em> and <em>Cultural Preservation Task Force,</em> where teams propose plans to protect traditions while engaging globally.</p></li><li><p>Promotes awareness of the risks of cultural homogenization, support for indigenous voices, the role of digital media in empowerment, and the importance of cultural solidarity.</p></li></ul><p></p>', 366, 436, 638, 1, 'backend/uploads/1756799625126-4b88da49-e0ad-4fac-ae8b-2cb5593d9020.pptx', 'SS_Hist2_G12_U4_L3.pptx', 18041102, 'pptx', 'backend/uploads/1756799626575-721ed6f3-7e45-4933-9a83-8daeda1ba16f.png', 'draft', 0, 0, 0, 0, 0, '2025-09-02 00:53:46', '2025-09-02 02:29:16', 2),
(190, 'U4 L4: Global Issues and International Cooperation', '<ul><li><p>This presentation examines key global issues such as climate change, pandemics, and international security, highlighting the importance of cooperation through global agreements and organizations.</p></li><li><p>Includes interactive activities: <em>Global Crisis Simulation</em> and <em>Match the Organization to the Role</em> exercise, along with case studies on COVID-19 and the Paris Agreement.</p></li><li><p>Promotes awareness of shared global responsibilities, Islamic principles of environmental stewardship, and the value of collaboration in building peace and resilience.</p></li></ul><p></p>', 366, 436, 638, 1, 'backend/uploads/1756799698755-5ae6407f-491c-41df-8f32-e3d173e40d6a.pptx', 'SS_Hist2_G12_U4_L4.pptx', 8552836, 'pptx', 'backend/uploads/1756799698911-0a2ba66d-ed9c-4b4d-9e6f-d40e0c16121e.png', 'draft', 0, 0, 0, 0, 0, '2025-09-02 00:54:58', '2025-09-02 02:29:16', 1),
(192, 'U3 L2: World War II – Global Conflict', '<ul><li><p>This presentation explores the causes and course of World War II, from the Treaty of Versailles and economic collapse to the rise of Hitler, Axis aggression, and major turning points such as Stalingrad and D-Day.</p></li><li><p>Includes interactive activities: <em>Timeline Assembly</em>, <em>Battle Analysis Challenge</em>, and <em>Debate: Just or Unjust Peace?</em> comparing Versailles with Islamic principles of justice.</p></li><li><p>Promotes understanding of WWII’s devastation, the importance of fair peace settlements, and the value of resolving conflicts through reason and compassion in line with Islamic teachings.</p></li></ul><p></p>', 366, 436, 638, 1, 'backend/uploads/1756803885269-cd2de620-a27a-4af3-882e-21137cf4dfd4.pptx', 'SS_Hist2_G12_U3_L2.pptx', 19854183, 'pptx', 'backend/uploads/1756803886972-e171254a-1158-4346-a1ec-7c62f7ca7499.png', 'draft', 0, 0, 0, 0, 0, '2025-09-02 02:04:47', '2025-09-02 02:21:04', 7),
(193, 'Sample Resource', '<ul><li><p>This presentation on <strong>Sharing and Helping Others</strong> introduces students to the meaning of sharing, the concept of Zakat, and everyday ways to help others.</p></li><li><p>Includes interactive activities: Sharing Circle Time, One Good Deed a Day calendar, and a story on the Prophet’s (PBUH) kindness.</p></li><li><p>Promotes kindness, charity, and Islamic values of helping and caring for others.</p></li></ul><p></p>', 366, 434, 627, 1, 'backend/uploads/1759241707412-d78c075d-e427-4a74-bae9-7a8537340225.pptx', 'Presentation1.pptx', 3853207, 'pptx', 'backend/uploads/1759241757954-49e2b38d-172a-4cac-b36a-aa2e3ee7c2b7.png', 'draft', 0, 0, 0, 0, 0, '2025-09-30 07:15:07', '2025-09-30 07:15:57', 0);

-- --------------------------------------------------------

--
-- Table structure for table `resource_comments`
--

CREATE TABLE `resource_comments` (
  `comment_id` int NOT NULL,
  `resource_id` int NOT NULL,
  `user_id` int NOT NULL,
  `comment` text NOT NULL,
  `parent_comment_id` int DEFAULT NULL,
  `status` enum('active','hidden','deleted') DEFAULT 'active',
  `created_at` datetime DEFAULT CURRENT_TIMESTAMP,
  `updated_at` datetime DEFAULT CURRENT_TIMESTAMP ON UPDATE CURRENT_TIMESTAMP
) ENGINE=InnoDB DEFAULT CHARSET=utf8mb4 COLLATE=utf8mb4_0900_ai_ci;

-- --------------------------------------------------------

--
-- Table structure for table `resource_downloads`
--

CREATE TABLE `resource_downloads` (
  `download_id` int NOT NULL,
  `resource_id` int NOT NULL,
  `user_id` int DEFAULT NULL,
  `version_id` int DEFAULT NULL,
  `ip_address` varchar(45) DEFAULT NULL,
  `user_agent` text,
  `downloaded_at` datetime DEFAULT CURRENT_TIMESTAMP
) ENGINE=InnoDB DEFAULT CHARSET=utf8mb4 COLLATE=utf8mb4_0900_ai_ci;

--
-- Dumping data for table `resource_downloads`
--

INSERT INTO `resource_downloads` (`download_id`, `resource_id`, `user_id`, `version_id`, `ip_address`, `user_agent`, `downloaded_at`) VALUES
(37, 66, NULL, NULL, '127.0.0.1', 'Mozilla/5.0 (Windows NT 10.0; Win64; x64) AppleWebKit/537.36 (KHTML, like Gecko) Chrome/139.0.0.0 Safari/537.36 Edg/139.0.0.0', '2025-09-02 01:51:00'),
(38, 187, NULL, NULL, '127.0.0.1', 'Mozilla/5.0 (Windows NT 10.0; Win64; x64) AppleWebKit/537.36 (KHTML, like Gecko) Chrome/139.0.0.0 Safari/537.36 Edg/139.0.0.0', '2025-09-02 02:21:27'),
(39, 23, NULL, NULL, '127.0.0.1', 'Mozilla/5.0 (Windows NT 10.0; Win64; x64) AppleWebKit/537.36 (KHTML, like Gecko) Chrome/139.0.0.0 Safari/537.36', '2025-09-02 04:03:19'),
(40, 23, NULL, NULL, '127.0.0.1', 'Mozilla/5.0 (Windows NT 10.0; Win64; x64; rv:142.0) Gecko/20100101 Firefox/142.0', '2025-09-02 04:14:29'),
(41, 24, NULL, NULL, '127.0.0.1', 'Mozilla/5.0 (Windows NT 10.0; Win64; x64; rv:142.0) Gecko/20100101 Firefox/142.0', '2025-09-02 04:14:39'),
(42, 22, NULL, NULL, '127.0.0.1', 'Mozilla/5.0 (Windows NT 10.0; Win64; x64) AppleWebKit/537.36 (KHTML, like Gecko) Chrome/139.0.0.0 Safari/537.36', '2025-09-02 04:15:24'),
(43, 50, NULL, NULL, '127.0.0.1', 'Mozilla/5.0 (Windows NT 10.0; Win64; x64) AppleWebKit/537.36 (KHTML, like Gecko) Chrome/139.0.0.0 Safari/537.36', '2025-09-02 04:16:28'),
(44, 23, NULL, NULL, '127.0.0.1', 'Mozilla/5.0 (Windows NT 10.0; Win64; x64; rv:142.0) Gecko/20100101 Firefox/142.0', '2025-09-02 04:16:45'),
(45, 22, NULL, NULL, '127.0.0.1', 'Mozilla/5.0 (Windows NT 10.0; Win64; x64; rv:142.0) Gecko/20100101 Firefox/142.0', '2025-09-02 04:34:22'),
(46, 22, NULL, NULL, '127.0.0.1', 'Mozilla/5.0 (Windows NT 10.0; Win64; x64) AppleWebKit/537.36 (KHTML, like Gecko) Chrome/139.0.0.0 Safari/537.36', '2025-09-02 04:36:24'),
(47, 33, NULL, NULL, '127.0.0.1', 'Mozilla/5.0 (Windows NT 10.0; Win64; x64) AppleWebKit/537.36 (KHTML, like Gecko) Chrome/139.0.0.0 Safari/537.36', '2025-09-02 05:00:38'),
(48, 24, NULL, NULL, '127.0.0.1', 'Mozilla/5.0 (Windows NT 10.0; Win64; x64) AppleWebKit/537.36 (KHTML, like Gecko) Chrome/139.0.0.0 Safari/537.36', '2025-09-02 05:47:54'),
(49, 22, NULL, NULL, '127.0.0.1', 'Mozilla/5.0 (Windows NT 10.0; Win64; x64) AppleWebKit/537.36 (KHTML, like Gecko) Chrome/139.0.0.0 Safari/537.36', '2025-09-02 05:53:42'),
(50, 23, NULL, NULL, '127.0.0.1', 'Mozilla/5.0 (Windows NT 10.0; Win64; x64) AppleWebKit/537.36 (KHTML, like Gecko) Chrome/139.0.0.0 Safari/537.36', '2025-09-03 01:41:14'),
(51, 23, NULL, NULL, '127.0.0.1', 'Mozilla/5.0 (Windows NT 10.0; Win64; x64; rv:142.0) Gecko/20100101 Firefox/142.0', '2025-09-03 02:42:38'),
(52, 22, NULL, NULL, '127.0.0.1', 'Mozilla/5.0 (Windows NT 10.0; Win64; x64) AppleWebKit/537.36 (KHTML, like Gecko) Chrome/139.0.0.0 Safari/537.36 Edg/139.0.0.0', '2025-09-03 04:53:34'),
(53, 31, NULL, NULL, '127.0.0.1', 'Mozilla/5.0 (Windows NT 10.0; Win64; x64) AppleWebKit/537.36 (KHTML, like Gecko) Chrome/139.0.0.0 Safari/537.36 Edg/139.0.0.0', '2025-09-03 06:16:26'),
(54, 47, NULL, NULL, '127.0.0.1', 'Mozilla/5.0 (Windows NT 10.0; Win64; x64) AppleWebKit/537.36 (KHTML, like Gecko) Chrome/139.0.0.0 Safari/537.36 Edg/139.0.0.0', '2025-09-04 06:01:08'),
(55, 22, NULL, NULL, '127.0.0.1', 'Mozilla/5.0 (Windows NT 10.0; Win64; x64) AppleWebKit/537.36 (KHTML, like Gecko) Chrome/140.0.0.0 Safari/537.36', '2025-09-09 01:20:26');

-- --------------------------------------------------------

--
-- Table structure for table `resource_likes`
--

CREATE TABLE `resource_likes` (
  `resource_id` int NOT NULL,
  `user_id` int NOT NULL,
  `created_at` datetime DEFAULT CURRENT_TIMESTAMP
) ENGINE=InnoDB DEFAULT CHARSET=utf8mb4 COLLATE=utf8mb4_0900_ai_ci;

-- --------------------------------------------------------

--
-- Table structure for table `resource_permissions`
--

CREATE TABLE `resource_permissions` (
  `user_id` int NOT NULL,
  `resource_id` int NOT NULL,
  `permission` enum('owner','editor','viewer') DEFAULT 'viewer',
  `can_download` tinyint(1) DEFAULT '1',
  `can_edit` tinyint(1) DEFAULT '0',
  `can_delete` tinyint(1) DEFAULT '0',
  `expires_at` datetime DEFAULT NULL,
  `created_at` datetime DEFAULT CURRENT_TIMESTAMP
) ENGINE=InnoDB DEFAULT CHARSET=utf8mb4 COLLATE=utf8mb4_0900_ai_ci;

-- --------------------------------------------------------

--
-- Table structure for table `resource_reviews`
--

CREATE TABLE `resource_reviews` (
  `review_id` int NOT NULL,
  `resource_id` int NOT NULL,
  `reviewer_id` int NOT NULL,
  `rating` int NOT NULL,
  `comment` text COLLATE utf8mb4_unicode_ci,
  `status` enum('pending','approved','rejected') COLLATE utf8mb4_unicode_ci DEFAULT 'pending',
  `reviewed_by` int DEFAULT NULL,
  `reviewed_at` datetime DEFAULT NULL,
  `created_at` datetime DEFAULT CURRENT_TIMESTAMP
) ENGINE=InnoDB DEFAULT CHARSET=utf8mb4 COLLATE=utf8mb4_unicode_ci;

-- --------------------------------------------------------

--
-- Table structure for table `resource_stats`
--

CREATE TABLE `resource_stats` (
  `actual_comments` bigint DEFAULT NULL,
  `actual_downloads` bigint DEFAULT NULL,
  `actual_likes` bigint DEFAULT NULL,
  `actual_views` bigint DEFAULT NULL,
  `comments` int DEFAULT NULL,
  `download_count` int DEFAULT NULL,
  `likes` int DEFAULT NULL,
  `resource_id` int DEFAULT NULL,
  `title` varchar(255) COLLATE utf8mb4_unicode_ci DEFAULT NULL,
  `view_count` int DEFAULT NULL
) ENGINE=InnoDB DEFAULT CHARSET=utf8mb4 COLLATE=utf8mb4_unicode_ci;

-- --------------------------------------------------------

--
-- Table structure for table `resource_tags`
--

CREATE TABLE `resource_tags` (
  `tag_id` int NOT NULL,
  `tag_name` varchar(50) NOT NULL,
  `description` text,
  `color` varchar(7) DEFAULT '#6B7280',
  `created_at` datetime DEFAULT CURRENT_TIMESTAMP
) ENGINE=InnoDB DEFAULT CHARSET=utf8mb4 COLLATE=utf8mb4_0900_ai_ci;

--
-- Dumping data for table `resource_tags`
--

INSERT INTO `resource_tags` (`tag_id`, `tag_name`, `description`, `color`, `created_at`) VALUES
(948, 'Maths', NULL, '#6B7280', '2025-08-20 22:26:52'),
(949, 'Math', NULL, '#6B7280', '2025-08-20 22:26:56'),
(950, 'sample tag', NULL, '#6B7280', '2025-08-26 15:02:58'),
(951, 'Social Science', NULL, '#6B7280', '2025-08-29 06:55:48'),
(952, 'Grade 1', NULL, '#6B7280', '2025-08-29 21:35:48'),
(953, 'Grade 2', NULL, '#6B7280', '2025-08-29 21:36:05'),
(954, 'Grade 3', NULL, '#6B7280', '2025-08-29 21:36:11'),
(955, 'Grade 4', NULL, '#6B7280', '2025-08-29 21:36:20'),
(956, 'Grade 5', NULL, '#6B7280', '2025-08-29 21:36:29'),
(957, 'Garde 6', NULL, '#6B7280', '2025-08-29 21:36:39'),
(958, 'Grade 7', NULL, '#6B7280', '2025-08-29 21:36:46'),
(959, 'Grade 8', NULL, '#6B7280', '2025-08-29 21:36:55'),
(960, 'Grade 9', NULL, '#6B7280', '2025-08-29 21:37:00'),
(961, 'Grade 10', NULL, '#6B7280', '2025-08-29 21:39:40'),
(962, 'Grade 11', NULL, '#6B7280', '2025-08-29 21:40:33'),
(963, 'Grade 12', NULL, '#6B7280', '2025-08-29 21:40:59'),
(964, 'Unit 1', NULL, '#6B7280', '2025-08-29 21:41:24'),
(965, 'Unit 2', NULL, '#6B7280', '2025-08-29 21:41:30'),
(966, 'Unit 3', NULL, '#6B7280', '2025-08-29 21:41:35'),
(967, 'Unit 4', NULL, '#6B7280', '2025-08-29 21:41:42'),
(968, 'Saudi Arabia', NULL, '#6B7280', '2025-08-29 21:57:02'),
(969, 'National Pride', NULL, '#6B7280', '2025-08-29 21:57:24'),
(970, 'Holy Places', NULL, '#6B7280', '2025-08-29 21:57:34'),
(971, 'Family', NULL, '#6B7280', '2025-08-29 23:29:25'),
(972, 'Responsibility', NULL, '#6B7280', '2025-08-29 23:29:48'),
(973, 'Landforms', NULL, '#6B7280', '2025-08-29 23:30:00'),
(974, 'Geography', NULL, '#6B7280', '2025-08-29 23:30:19'),
(975, 'King Abdulaziz', NULL, '#6B7280', '2025-08-29 23:30:31'),
(976, 'vfghg', NULL, '#6B7280', '2025-08-30 01:42:12'),
(977, 'iujoi', NULL, '#6B7280', '2025-08-30 01:42:26'),
(978, 'Deserts', NULL, '#6B7280', '2025-08-30 01:44:16'),
(979, 'Water', NULL, '#6B7280', '2025-08-30 01:47:14'),
(980, 'Conservation', NULL, '#6B7280', '2025-08-30 01:47:19'),
(981, 'Desalination', NULL, '#6B7280', '2025-08-30 01:47:27'),
(982, 'Continents', NULL, '#6B7280', '2025-08-30 01:49:04'),
(983, 'Oceans', NULL, '#6B7280', '2025-08-30 01:49:22'),
(984, 'Government', NULL, '#6B7280', '2025-08-30 01:50:49'),
(985, 'Leadership', NULL, '#6B7280', '2025-08-30 01:50:54'),
(986, 'Shura', NULL, '#6B7280', '2025-08-30 01:51:01'),
(987, 'Economics', NULL, '#6B7280', '2025-08-30 01:52:13'),
(988, 'Trade', NULL, '#6B7280', '2025-08-30 01:52:19'),
(989, 'Supply and Demand', NULL, '#6B7280', '2025-08-30 01:52:25'),
(990, 'Diversity', NULL, '#6B7280', '2025-08-30 01:54:37'),
(991, 'Inclusion', NULL, '#6B7280', '2025-08-30 01:54:42'),
(992, 'Traditions', NULL, '#6B7280', '2025-08-30 01:54:50'),
(993, 'Trade Routes', NULL, '#6B7280', '2025-08-30 01:57:28'),
(994, 'Silk Road', NULL, '#6B7280', '2025-08-30 01:57:32'),
(995, 'Cultural Exchange', NULL, '#6B7280', '2025-08-30 01:57:39'),
(996, 'Arabian Gulf', NULL, '#6B7280', '2025-08-30 01:59:07'),
(997, 'Governance', NULL, '#6B7280', '2025-08-30 02:00:56'),
(998, 'Global Cooperation', NULL, '#6B7280', '2025-08-30 02:01:01'),
(999, 'Red Crescent', NULL, '#6B7280', '2025-08-30 02:01:09'),
(1000, 'Scholars', NULL, '#6B7280', '2025-08-30 02:05:42'),
(1001, 'Calligraphy', NULL, '#6B7280', '2025-08-30 02:06:01'),
(1002, 'Ibn Khaldun', NULL, '#6B7280', '2025-08-30 02:06:04'),
(1003, 'Imam Ahmad ibn Hanbal', NULL, '#6B7280', '2025-08-30 02:06:17'),
(1004, 'Economy', NULL, '#6B7280', '2025-08-30 02:08:09'),
(1005, 'OPEC', NULL, '#6B7280', '2025-08-30 02:08:16'),
(1006, 'Oil', NULL, '#6B7280', '2025-08-30 02:08:25'),
(1007, 'Vision 2030', NULL, '#6B7280', '2025-08-30 02:09:58'),
(1008, 'Sustainability', NULL, '#6B7280', '2025-08-30 02:10:06'),
(1009, 'NEOM', NULL, '#6B7280', '2025-08-30 02:10:13'),
(1010, 'Global Citizenship', NULL, '#6B7280', '2025-08-30 02:37:32'),
(1011, 'Environment', NULL, '#6B7280', '2025-08-30 02:37:50'),
(1012, 'Global Community', NULL, '#6B7280', '2025-08-30 02:40:08'),
(1013, 'Saudi Green Initiative', NULL, '#6B7280', '2025-08-30 02:40:14'),
(1014, 'Global Connections', NULL, '#6B7280', '2025-08-30 02:42:20'),
(1015, 'Technology', NULL, '#6B7280', '2025-08-30 02:42:28'),
(1016, 'Civilization', NULL, '#6B7280', '2025-08-30 02:44:09'),
(1017, 'Mesopotamia', NULL, '#6B7280', '2025-08-30 02:44:15'),
(1018, 'Farming', NULL, '#6B7280', '2025-08-30 02:44:24'),
(1019, 'Irrigation', NULL, '#6B7280', '2025-08-30 02:44:29'),
(1020, 'Hammurabi', NULL, '#6B7280', '2025-08-30 02:44:37'),
(1021, 'History', NULL, '#6B7280', '2025-08-30 02:44:42'),
(1022, 'Pyramids', NULL, '#6B7280', '2025-08-30 02:46:11'),
(1023, 'Society', NULL, '#6B7280', '2025-08-30 02:46:16'),
(1024, 'Monuments', NULL, '#6B7280', '2025-08-30 02:46:23'),
(1025, 'Incense Route', NULL, '#6B7280', '2025-08-30 02:49:15'),
(1026, 'Spice Route', NULL, '#6B7280', '2025-08-30 02:49:20'),
(1027, 'Indus Valley', NULL, '#6B7280', '2025-08-30 02:50:57'),
(1028, 'Urban Planning', NULL, '#6B7280', '2025-08-30 02:51:12'),
(1029, 'Harappa', NULL, '#6B7280', '2025-08-30 02:51:18'),
(1030, 'Sanitation', NULL, '#6B7280', '2025-08-30 02:51:28'),
(1031, 'Ancient China', NULL, '#6B7280', '2025-08-30 02:53:05'),
(1032, 'Inventions', NULL, '#6B7280', '2025-08-30 02:53:11'),
(1033, 'Egypt', NULL, '#6B7280', '2025-08-30 02:55:08'),
(1034, 'Writing Systems', NULL, '#6B7280', '2025-08-30 03:03:43'),
(1035, 'Mountains', NULL, '#6B7280', '2025-08-30 03:04:53'),
(1036, 'Physical Features', NULL, '#6B7280', '2025-08-30 03:05:09'),
(1037, 'Adaptation', NULL, '#6B7280', '2025-08-30 03:06:32'),
(1038, 'Greece', NULL, '#6B7280', '2025-08-30 03:29:53'),
(1039, 'Rome', NULL, '#6B7280', '2025-08-30 03:29:58'),
(1040, 'Democracy', NULL, '#6B7280', '2025-08-30 03:30:04'),
(1041, 'Islamic Golden Age', NULL, '#6B7280', '2025-08-30 03:31:22'),
(1042, 'Baghdad', NULL, '#6B7280', '2025-08-30 03:31:33'),
(1043, 'Africa', NULL, '#6B7280', '2025-08-30 03:36:32'),
(1044, 'Timbuktu', NULL, '#6B7280', '2025-08-30 03:36:43'),
(1045, 'Ghana', NULL, '#6B7280', '2025-08-30 03:36:58'),
(1046, 'Mali', NULL, '#6B7280', '2025-08-30 03:37:04'),
(1047, 'Feudalism', NULL, '#6B7280', '2025-08-30 03:39:04'),
(1048, 'Monarchy', NULL, '#6B7280', '2025-08-30 03:39:08'),
(1049, 'Europe', NULL, '#6B7280', '2025-08-30 03:39:15'),
(1050, 'Magna Carta', NULL, '#6B7280', '2025-08-30 03:41:41'),
(1051, 'Rule of Law', NULL, '#6B7280', '2025-08-30 03:41:45'),
(1052, 'Justice', NULL, '#6B7280', '2025-08-30 03:41:51'),
(1053, 'Rights', NULL, '#6B7280', '2025-08-30 03:41:56'),
(1054, 'Mercantilism', NULL, '#6B7280', '2025-08-30 03:53:37'),
(1055, 'Exploration', NULL, '#6B7280', '2025-08-30 03:53:54'),
(1056, 'Solar Energy', NULL, '#6B7280', '2025-08-30 04:01:34'),
(1057, 'Non-Renewable', NULL, '#6B7280', '2025-08-30 04:01:38'),
(1058, 'Renewable', NULL, '#6B7280', '2025-08-30 04:01:53'),
(1059, 'Qanat', NULL, '#6B7280', '2025-08-30 04:03:21'),
(1060, 'Culture', NULL, '#6B7280', '2025-08-30 04:25:27'),
(1061, 'Persia', NULL, '#6B7280', '2025-08-30 04:25:31'),
(1062, 'Cyrus', NULL, '#6B7280', '2025-08-30 04:25:38'),
(1063, 'Cyrus the Great', NULL, '#6B7280', '2025-08-30 04:25:49'),
(1064, 'Darius I', NULL, '#6B7280', '2025-08-30 04:25:54'),
(1065, 'Satrapy', NULL, '#6B7280', '2025-08-30 04:26:01'),
(1066, 'Julius Caesar', NULL, '#6B7280', '2025-08-30 04:27:56'),
(1067, 'Augustus', NULL, '#6B7280', '2025-08-30 04:28:04'),
(1068, 'Engineering', NULL, '#6B7280', '2025-08-30 04:28:12'),
(1069, 'Citizenship', NULL, '#6B7280', '2025-08-30 04:28:25'),
(1070, 'Ottoman Empire', NULL, '#6B7280', '2025-08-30 04:30:17'),
(1071, 'Osman I', NULL, '#6B7280', '2025-08-30 04:30:22'),
(1072, 'Mehmed II', NULL, '#6B7280', '2025-08-30 04:30:27'),
(1073, 'Suleiman', NULL, '#6B7280', '2025-08-30 04:30:34'),
(1074, 'Mimar Sinan', NULL, '#6B7280', '2025-08-30 04:30:39'),
(1075, 'Shariah', NULL, '#6B7280', '2025-08-30 04:30:53'),
(1076, 'Kanun', NULL, '#6B7280', '2025-08-30 04:30:57'),
(1077, 'Millet System', NULL, '#6B7280', '2025-08-30 04:31:03'),
(1078, 'Migration', NULL, '#6B7280', '2025-08-30 04:32:35'),
(1079, 'Cultural Diffusion', NULL, '#6B7280', '2025-08-30 04:32:39'),
(1080, 'Push–Pull Factors', NULL, '#6B7280', '2025-08-30 04:32:44'),
(1081, 'Gulf Workers', NULL, '#6B7280', '2025-08-30 04:32:50'),
(1082, 'Urbanization', NULL, '#6B7280', '2025-08-30 04:35:17'),
(1083, 'Green Riyadh', NULL, '#6B7280', '2025-08-30 04:35:45'),
(1084, 'Theocracy', NULL, '#6B7280', '2025-08-30 04:38:15'),
(1085, 'Shura Council', NULL, '#6B7280', '2025-08-30 04:38:23'),
(1086, 'Forms of Government', NULL, '#6B7280', '2025-08-30 04:38:42'),
(1087, 'International Organizations', NULL, '#6B7280', '2025-08-30 04:40:52'),
(1088, 'OIC', NULL, '#6B7280', '2025-08-30 04:41:17'),
(1089, 'GCC', NULL, '#6B7280', '2025-08-30 04:41:23'),
(1090, 'UN', NULL, '#6B7280', '2025-08-30 04:41:35'),
(1091, 'WHO', NULL, '#6B7280', '2025-08-30 04:41:38'),
(1092, 'WTO', NULL, '#6B7280', '2025-08-30 04:41:41'),
(1093, 'IMF', NULL, '#6B7280', '2025-08-30 04:41:45'),
(1094, 'Arab League', NULL, '#6B7280', '2025-08-30 04:41:53'),
(1095, 'Cooperation', NULL, '#6B7280', '2025-08-30 04:43:51'),
(1096, 'UNEP', NULL, '#6B7280', '2025-08-30 04:46:32'),
(1097, 'Natural Resources', NULL, '#6B7280', '2025-08-30 04:46:38'),
(1098, 'Minerals', NULL, '#6B7280', '2025-08-30 04:46:52'),
(1099, 'Red Sea Project', NULL, '#6B7280', '2025-08-30 04:55:48'),
(1100, 'Stewardship', NULL, '#6B7280', '2025-08-30 04:56:02'),
(1101, 'Unit 5', NULL, '#6B7280', '2025-08-30 04:58:36'),
(1102, 'Al-Khwarizmi', NULL, '#6B7280', '2025-08-30 04:59:03'),
(1103, 'Malala Yousafzai', NULL, '#6B7280', '2025-08-30 05:02:38'),
(1104, 'Community', NULL, '#6B7280', '2025-08-30 05:02:45'),
(1105, 'Islam', NULL, '#6B7280', '2025-08-30 05:02:56'),
(1106, 'Hayat Sindi', NULL, '#6B7280', '2025-08-30 05:03:19'),
(1107, 'Ethics', NULL, '#6B7280', '2025-08-30 05:03:31'),
(1108, 'World War I', NULL, '#6B7280', '2025-08-30 05:21:10'),
(1109, 'Great War', NULL, '#6B7280', '2025-08-30 05:21:14'),
(1110, 'Central Powers', NULL, '#6B7280', '2025-08-30 05:21:21'),
(1111, 'Militarism', NULL, '#6B7280', '2025-08-30 05:21:28'),
(1112, 'Alliances', NULL, '#6B7280', '2025-08-30 05:21:37'),
(1113, 'Imperialism', NULL, '#6B7280', '2025-08-30 05:21:45'),
(1114, 'Nationalism', NULL, '#6B7280', '2025-08-30 05:21:52'),
(1115, 'Interwar Period', NULL, '#6B7280', '2025-08-30 05:25:37'),
(1116, 'Great Depression', NULL, '#6B7280', '2025-08-30 05:25:41'),
(1117, 'Atatürk', NULL, '#6B7280', '2025-08-30 05:25:47'),
(1118, 'Oil Discovery', NULL, '#6B7280', '2025-08-30 05:25:55'),
(1119, 'Independence Movements', NULL, '#6B7280', '2025-08-30 05:26:01'),
(1120, 'World War II', NULL, '#6B7280', '2025-08-30 05:27:30'),
(1121, 'Axis', NULL, '#6B7280', '2025-08-30 05:27:34'),
(1122, 'Hitler', NULL, '#6B7280', '2025-08-30 05:27:41'),
(1123, 'Mussolini', NULL, '#6B7280', '2025-08-30 05:27:47'),
(1124, 'United Nations', NULL, '#6B7280', '2025-08-30 05:27:54'),
(1125, 'Cold War', NULL, '#6B7280', '2025-08-30 05:28:03'),
(1126, 'Decolonization', NULL, '#6B7280', '2025-08-30 05:29:13'),
(1127, 'Middle East', NULL, '#6B7280', '2025-08-30 05:29:18'),
(1128, 'Kwame Nkrumah', NULL, '#6B7280', '2025-08-30 05:29:23'),
(1129, 'Algeria', NULL, '#6B7280', '2025-08-30 05:29:38'),
(1130, 'Sudan', NULL, '#6B7280', '2025-08-30 05:29:41'),
(1131, 'Gamal Abdel Nasser', NULL, '#6B7280', '2025-08-30 05:29:48'),
(1132, 'USA', NULL, '#6B7280', '2025-08-30 05:31:08'),
(1133, 'Amrica', NULL, '#6B7280', '2025-08-30 05:31:10'),
(1134, 'America', NULL, '#6B7280', '2025-08-30 05:31:16'),
(1135, 'USSR', NULL, '#6B7280', '2025-08-30 05:31:22'),
(1136, 'Capitalism', NULL, '#6B7280', '2025-08-30 05:31:27'),
(1137, 'Communism', NULL, '#6B7280', '2025-08-30 05:31:33'),
(1138, 'Proxy Wars', NULL, '#6B7280', '2025-08-30 05:31:37'),
(1139, 'Warsaw Pact', NULL, '#6B7280', '2025-08-30 05:31:42'),
(1140, 'Berlin Wall', NULL, '#6B7280', '2025-08-30 05:31:47'),
(1141, 'Cuban Missile Crisis', NULL, '#6B7280', '2025-08-30 05:31:52'),
(1142, 'Korean War', NULL, '#6B7280', '2025-08-30 05:31:58'),
(1143, 'Vietnam War', NULL, '#6B7280', '2025-08-30 05:32:04'),
(1144, 'Space Race', NULL, '#6B7280', '2025-08-30 05:32:10'),
(1145, 'Climate Change', NULL, '#6B7280', '2025-08-30 05:33:27'),
(1146, 'Global Warming', NULL, '#6B7280', '2025-08-30 05:33:31'),
(1147, 'Fossil Fuels', NULL, '#6B7280', '2025-08-30 05:33:36'),
(1148, 'Deforestation', NULL, '#6B7280', '2025-08-30 05:33:42'),
(1149, 'Renewable Energy', NULL, '#6B7280', '2025-08-30 05:33:59'),
(1150, 'Sustainable Development', NULL, '#6B7280', '2025-08-30 05:35:05'),
(1151, 'Authoritarianism', NULL, '#6B7280', '2025-08-30 05:36:34'),
(1152, 'Sunnah', NULL, '#6B7280', '2025-08-30 05:36:42'),
(1153, 'Qiddiya', NULL, '#6B7280', '2025-08-30 05:40:17'),
(1154, 'International Trade', NULL, '#6B7280', '2025-08-30 05:41:54'),
(1155, 'Global Economy', NULL, '#6B7280', '2025-08-30 05:41:58'),
(1156, 'Globalization', '', '#6B7280', '2025-08-30 05:50:07'),
(1157, 'Smart Cities', NULL, '#6B7280', '2025-08-30 05:51:20'),
(1158, 'Economic Development', NULL, '#6B7280', '2025-08-30 05:51:27'),
(1159, 'Unit 6', NULL, '#6B7280', '2025-08-30 05:53:20'),
(1160, 'Paris Agreement', NULL, '#6B7280', '2025-08-30 05:53:29'),
(1161, 'Environmental Stewardship', NULL, '#6B7280', '2025-08-30 05:53:52'),
(1162, 'Khalifa', NULL, '#6B7280', '2025-08-30 05:53:58'),
(1163, 'Amanah', NULL, '#6B7280', '2025-08-30 05:54:04'),
(1164, 'Nelson Mandela', NULL, '#6B7280', '2025-08-30 06:00:11'),
(1165, 'Boyan Slat', NULL, '#6B7280', '2025-08-30 06:00:36'),
(1166, 'Advocacy', NULL, '#6B7280', '2025-08-30 06:01:02'),
(1167, 'Physical Geography', NULL, '#6B7280', '2025-08-30 06:20:43'),
(1168, 'Earth’s Layers', NULL, '#6B7280', '2025-08-30 06:20:47'),
(1169, 'Tectonic Plates', NULL, '#6B7280', '2025-08-30 06:20:52'),
(1170, 'Natural Hazards', NULL, '#6B7280', '2025-08-30 06:20:57'),
(1171, 'Weathering', NULL, '#6B7280', '2025-08-30 06:21:02'),
(1172, 'Climate Zones', NULL, '#6B7280', '2025-08-30 06:22:19'),
(1173, 'Climate Basics', NULL, '#6B7280', '2025-08-30 06:22:33'),
(1174, 'Precipitation', NULL, '#6B7280', '2025-08-30 06:22:40'),
(1175, 'Water Systems', NULL, '#6B7280', '2025-08-30 06:23:40'),
(1176, 'Hydrological Cycle', NULL, '#6B7280', '2025-08-30 06:23:44'),
(1177, 'Saltwater', NULL, '#6B7280', '2025-08-30 06:23:51'),
(1178, 'Water Management', NULL, '#6B7280', '2025-08-30 06:23:57'),
(1179, 'Ecosystems', NULL, '#6B7280', '2025-08-30 06:25:24'),
(1180, 'Biodiversity', NULL, '#6B7280', '2025-08-30 06:25:28'),
(1181, 'Plate Tectonics', NULL, '#6B7280', '2025-09-01 02:42:07'),
(1182, 'Earthquakes', NULL, '#6B7280', '2025-09-01 02:42:12'),
(1183, 'Volcanism', NULL, '#6B7280', '2025-09-01 02:58:51'),
(1184, 'Volcanoes', NULL, '#6B7280', '2025-09-01 02:58:57'),
(1185, 'Mountain Building', NULL, '#6B7280', '2025-09-01 02:59:08'),
(1186, 'Kilimanjaro', NULL, '#6B7280', '2025-09-01 02:59:12'),
(1187, 'Tourism\\', NULL, '#6B7280', '2025-09-01 02:59:26'),
(1188, 'Erosion', NULL, '#6B7280', '2025-09-01 03:02:40'),
(1189, 'Soil Formation', NULL, '#6B7280', '2025-09-01 03:02:45'),
(1190, 'Soil Conservation', NULL, '#6B7280', '2025-09-01 03:02:52'),
(1191, 'Rivers', NULL, '#6B7280', '2025-09-01 03:31:35'),
(1192, 'Glaciers', NULL, '#6B7280', '2025-09-01 03:31:40'),
(1193, 'Aswan High Dam', NULL, '#6B7280', '2025-09-01 03:31:46'),
(1194, 'Water Security', NULL, '#6B7280', '2025-09-01 03:31:52'),
(1195, 'Human Impact', NULL, '#6B7280', '2025-09-01 03:35:49'),
(1196, 'Greenhouse Effect', NULL, '#6B7280', '2025-09-01 03:58:49'),
(1197, 'Agriculture', NULL, '#6B7280', '2025-09-01 04:18:04'),
(1198, 'Development Practices', NULL, '#6B7280', '2025-09-01 04:33:09'),
(1199, 'Great Green Wall', NULL, '#6B7280', '2025-09-01 04:33:26'),
(1200, 'Political Geography', NULL, '#6B7280', '2025-09-01 04:44:53'),
(1201, 'Cultural Geography', NULL, '#6B7280', '2025-09-01 04:44:58'),
(1202, 'Sovereignty', NULL, '#6B7280', '2025-09-01 04:45:04'),
(1203, 'Political Boundaries', NULL, '#6B7280', '2025-09-01 04:55:16'),
(1204, 'Cultural Identity', NULL, '#6B7280', '2025-09-01 04:55:20'),
(1205, 'Nation-State', NULL, '#6B7280', '2025-09-01 04:55:25'),
(1206, 'Colonial Borders', NULL, '#6B7280', '2025-09-01 04:55:30'),
(1207, 'Sykes-Picot', NULL, '#6B7280', '2025-09-01 04:55:37'),
(1208, 'Kurdish Population', NULL, '#6B7280', '2025-09-01 04:55:43'),
(1209, 'Water Resources', NULL, '#6B7280', '2025-09-01 05:00:17'),
(1210, 'Land Resources', NULL, '#6B7280', '2025-09-01 05:03:03'),
(1211, 'Agricultural Resources', NULL, '#6B7280', '2025-09-01 05:03:09'),
(1212, 'Land Management', NULL, '#6B7280', '2025-09-01 05:03:16'),
(1213, 'What is History?', NULL, '#6B7280', '2025-09-01 05:31:28'),
(1214, 'Historiography', NULL, '#6B7280', '2025-09-01 05:31:35'),
(1215, 'Historical Sources', NULL, '#6B7280', '2025-09-01 05:33:27'),
(1216, 'Authenticity', NULL, '#6B7280', '2025-09-01 05:33:34'),
(1217, 'Historical Methods', NULL, '#6B7280', '2025-09-01 05:35:25'),
(1218, 'Chronology', NULL, '#6B7280', '2025-09-01 05:35:29'),
(1219, 'Causation', NULL, '#6B7280', '2025-09-01 05:35:36'),
(1220, 'Interpretation', NULL, '#6B7280', '2025-09-01 05:35:40'),
(1221, 'Interdisciplinary', NULL, '#6B7280', '2025-09-01 05:35:46'),
(1222, 'Role of History', NULL, '#6B7280', '2025-09-01 05:37:30'),
(1223, 'Role of History in Society', NULL, '#6B7280', '2025-09-01 05:37:36'),
(1224, 'Oral Histories', NULL, '#6B7280', '2025-09-01 05:37:45'),
(1225, 'Historical Writing', NULL, '#6B7280', '2025-09-01 05:39:58'),
(1226, 'Dawn of Human Societies', NULL, '#6B7280', '2025-09-01 05:42:53'),
(1227, 'Human Societies', NULL, '#6B7280', '2025-09-01 05:42:56'),
(1228, 'Arabian Trade', NULL, '#6B7280', '2025-09-01 05:43:04'),
(1229, 'Agricultural Revolution', NULL, '#6B7280', '2025-09-01 05:43:13'),
(1230, 'Epic of Gilgamesh', NULL, '#6B7280', '2025-09-01 05:46:53'),
(1231, 'Ancient Egypt', NULL, '#6B7280', '2025-09-01 05:48:21'),
(1232, 'Nile River', NULL, '#6B7280', '2025-09-01 05:48:32'),
(1233, 'Innovations', NULL, '#6B7280', '2025-09-01 05:52:02'),
(1234, 'Dynasties', NULL, '#6B7280', '2025-09-01 05:52:07'),
(1235, 'Great Wall', NULL, '#6B7280', '2025-09-01 05:52:16'),
(1236, 'Confucianism', NULL, '#6B7280', '2025-09-01 05:52:25'),
(1237, 'Birth of Islam', NULL, '#6B7280', '2025-09-01 06:19:14'),
(1238, 'Life of Prophet Muhammad (PBUH)', NULL, '#6B7280', '2025-09-01 06:19:19'),
(1239, 'Prophet Muhammad (PBUH)', NULL, '#6B7280', '2025-09-01 06:19:27'),
(1240, 'Qur’an', NULL, '#6B7280', '2025-09-01 06:19:34'),
(1241, 'Constitution of Madinah', NULL, '#6B7280', '2025-09-01 06:19:40'),
(1242, 'Spread of Islam', NULL, '#6B7280', '2025-09-01 06:21:07'),
(1243, 'Early Caliphates', NULL, '#6B7280', '2025-09-01 06:21:11'),
(1244, 'Islamic Society', NULL, '#6B7280', '2025-09-01 06:21:19'),
(1245, 'Caliphates', NULL, '#6B7280', '2025-09-01 06:21:28'),
(1246, 'Islamic Civilization', NULL, '#6B7280', '2025-09-01 06:22:46'),
(1247, 'Islamic Art', NULL, '#6B7280', '2025-09-01 06:23:45'),
(1248, 'Islamic Architecture', NULL, '#6B7280', '2025-09-01 06:23:58'),
(1249, 'Arabesque', NULL, '#6B7280', '2025-09-01 06:24:08'),
(1250, 'Cultural Influence', NULL, '#6B7280', '2025-09-01 06:24:12'),
(1251, 'Global Impact', NULL, '#6B7280', '2025-09-01 06:25:27'),
(1252, 'Ibn Battuta', NULL, '#6B7280', '2025-09-01 06:25:32'),
(1253, 'Islamic Civilization’s Global Impact', NULL, '#6B7280', '2025-09-01 06:25:41'),
(1254, 'Persian Empire', NULL, '#6B7280', '2025-09-01 06:26:55'),
(1255, 'Satrapy System', NULL, '#6B7280', '2025-09-01 06:27:02'),
(1256, 'Greek Empire', NULL, '#6B7280', '2025-09-01 06:29:00'),
(1257, 'Western Civilization', NULL, '#6B7280', '2025-09-01 06:29:05'),
(1258, 'Foundations of Western Civilization', NULL, '#6B7280', '2025-09-01 06:29:11'),
(1259, 'Peloponnesian War', NULL, '#6B7280', '2025-09-01 06:29:21'),
(1260, 'Roman Empire', NULL, '#6B7280', '2025-09-01 06:30:59'),
(1261, 'Pax Romana', NULL, '#6B7280', '2025-09-01 06:31:11'),
(1262, 'Punic Wars', NULL, '#6B7280', '2025-09-01 06:31:19'),
(1263, 'Suleiman the Magnificent', NULL, '#6B7280', '2025-09-01 06:32:29'),
(1264, 'Religious Exchanges', NULL, '#6B7280', '2025-09-01 06:36:59'),
(1265, 'Islamic Teachings', NULL, '#6B7280', '2025-09-01 06:37:27'),
(1266, 'Impact of Empire', NULL, '#6B7280', '2025-09-01 06:38:44'),
(1267, 'Conflict Resolution', NULL, '#6B7280', '2025-09-01 06:38:56'),
(1268, 'Modern Borders', NULL, '#6B7280', '2025-09-01 06:39:43'),
(1269, 'Impact of Empire on Modern Borders', NULL, '#6B7280', '2025-09-01 06:39:50'),
(1270, 'Introduction to Demography', NULL, '#6B7280', '2025-09-01 06:41:36'),
(1271, 'Demography', NULL, '#6B7280', '2025-09-01 06:41:40'),
(1272, 'Birth Rate', NULL, '#6B7280', '2025-09-01 06:41:59'),
(1273, 'Death Rate', NULL, '#6B7280', '2025-09-01 06:42:06'),
(1274, 'Migration Patterns', NULL, '#6B7280', '2025-09-01 06:45:24'),
(1275, 'Migration Impacts', NULL, '#6B7280', '2025-09-01 06:45:39'),
(1276, 'Expatriates', NULL, '#6B7280', '2025-09-01 06:45:53'),
(1277, 'Population Growth', NULL, '#6B7280', '2025-09-01 06:46:58'),
(1278, 'Push and Pull', NULL, '#6B7280', '2025-09-01 06:53:11'),
(1279, 'Forced', NULL, '#6B7280', '2025-09-01 06:53:22'),
(1280, 'Forced Migration', NULL, '#6B7280', '2025-09-01 06:53:28'),
(1281, 'Population Policies', NULL, '#6B7280', '2025-09-01 06:58:52'),
(1282, 'Pro-Natalist', NULL, '#6B7280', '2025-09-01 06:58:57'),
(1283, 'Anti-Natalist', NULL, '#6B7280', '2025-09-01 06:59:01'),
(1284, 'Understanding Urbanization', NULL, '#6B7280', '2025-09-01 07:01:43'),
(1285, 'Economic Impacts of Urbanization', NULL, '#6B7280', '2025-09-01 07:02:48'),
(1286, 'Economic Impact', NULL, '#6B7280', '2025-09-01 07:02:58'),
(1287, 'Social Impact', NULL, '#6B7280', '2025-09-01 07:03:05'),
(1288, 'Environmental Consequences', NULL, '#6B7280', '2025-09-01 07:04:37'),
(1289, 'Pollution', NULL, '#6B7280', '2025-09-01 07:04:59'),
(1290, 'Sustainable Urban Growth', NULL, '#6B7280', '2025-09-01 07:06:11'),
(1291, 'Curitiba', NULL, '#6B7280', '2025-09-01 07:06:43'),
(1292, 'Green Infrastructure', NULL, '#6B7280', '2025-09-01 07:07:14'),
(1293, 'Economic Geography', NULL, '#6B7280', '2025-09-01 07:08:24'),
(1294, 'Global Trade', NULL, '#6B7280', '2025-09-01 07:10:06'),
(1295, 'Interdependence', NULL, '#6B7280', '2025-09-01 07:10:11'),
(1296, 'Economics of Natural Resources', NULL, '#6B7280', '2025-09-01 07:11:08'),
(1297, 'Cultural Landscapes', NULL, '#6B7280', '2025-09-01 07:15:50'),
(1298, 'Political Decisions', NULL, '#6B7280', '2025-09-01 07:15:58'),
(1299, 'Rebirth of Arts', NULL, '#6B7280', '2025-09-01 07:19:12'),
(1300, 'Renaissance', NULL, '#6B7280', '2025-09-01 07:19:21'),
(1301, 'Reformation', NULL, '#6B7280', '2025-09-01 22:24:32'),
(1302, 'A Religious Transformation', NULL, '#6B7280', '2025-09-01 22:24:37'),
(1303, 'Martin Luther', NULL, '#6B7280', '2025-09-01 22:24:43'),
(1304, '95 Theses', NULL, '#6B7280', '2025-09-01 22:24:50'),
(1305, 'Counter-Reformation', NULL, '#6B7280', '2025-09-01 22:24:58'),
(1306, 'Enlightenment', NULL, '#6B7280', '2025-09-01 22:50:02'),
(1307, 'Rise of Reason', NULL, '#6B7280', '2025-09-01 22:51:55'),
(1308, 'Thinkers', NULL, '#6B7280', '2025-09-01 22:52:01'),
(1309, 'Scientific Revolution', NULL, '#6B7280', '2025-09-01 22:54:35'),
(1310, 'Discoveries', NULL, '#6B7280', '2025-09-01 22:54:50'),
(1311, 'Scientists', NULL, '#6B7280', '2025-09-01 22:54:58'),
(1312, 'Islamic Contributions', NULL, '#6B7280', '2025-09-01 22:55:06'),
(1313, 'Global Influence', NULL, '#6B7280', '2025-09-01 22:55:15'),
(1314, 'Faith', NULL, '#6B7280', '2025-09-01 22:55:22'),
(1315, 'Industrial Revolution', NULL, '#6B7280', '2025-09-01 22:57:51'),
(1316, 'Technological Transformation', NULL, '#6B7280', '2025-09-01 22:58:13'),
(1317, 'Social Reform', NULL, '#6B7280', '2025-09-01 22:58:20'),
(1318, 'European Colonization', NULL, '#6B7280', '2025-09-01 23:00:39'),
(1319, 'Explorers', NULL, '#6B7280', '2025-09-01 23:00:51'),
(1320, 'Indigenous Societies', NULL, '#6B7280', '2025-09-01 23:00:57'),
(1321, 'Industrialization', NULL, '#6B7280', '2025-09-01 23:02:53'),
(1322, 'Global Wave', NULL, '#6B7280', '2025-09-01 23:02:59'),
(1323, 'Meiji Modernization', NULL, '#6B7280', '2025-09-01 23:03:11'),
(1324, 'Economic Exploitation', NULL, '#6B7280', '2025-09-01 23:03:18'),
(1325, 'Colonies', NULL, '#6B7280', '2025-09-01 23:03:25'),
(1326, 'Child Labor', NULL, '#6B7280', '2025-09-01 23:17:11'),
(1327, 'Worker Movements', NULL, '#6B7280', '2025-09-01 23:17:21'),
(1328, 'Social Change', NULL, '#6B7280', '2025-09-01 23:17:28'),
(1329, 'Trench Warfare', NULL, '#6B7280', '2025-09-01 23:20:33'),
(1330, 'Treaty of Versailles', NULL, '#6B7280', '2025-09-01 23:20:39'),
(1331, 'Axis Powers', NULL, '#6B7280', '2025-09-01 23:27:57'),
(1332, 'Stalingrad', NULL, '#6B7280', '2025-09-01 23:28:10'),
(1333, 'D-Day', NULL, '#6B7280', '2025-09-01 23:28:13'),
(1334, 'Berlin Blockade', NULL, '#6B7280', '2025-09-01 23:42:43'),
(1335, 'Truman Doctrine', NULL, '#6B7280', '2025-09-01 23:43:02'),
(1336, 'Regional Conflicts', NULL, '#6B7280', '2025-09-01 23:59:54'),
(1337, 'Arab-Israeli', NULL, '#6B7280', '2025-09-02 00:00:02'),
(1338, 'Iran-Iraq War', NULL, '#6B7280', '2025-09-02 00:00:09'),
(1339, 'Soviet-Afghan War', NULL, '#6B7280', '2025-09-02 00:00:14'),
(1340, 'Gulf War', NULL, '#6B7280', '2025-09-02 00:00:26'),
(1341, 'Resource Management', '', '#6B7280', '2025-09-02 01:03:37'),
(1342, 'Market Access', '', '#6B7280', '2025-09-02 01:20:09'),
(1343, 'FDI', '', '#6B7280', '2025-09-02 01:20:25'),
(1344, 'Preservation', '', '#6B7280', '2025-09-02 01:21:08'),
(1345, 'Indigenous Cultures', '', '#6B7280', '2025-09-02 01:21:14'),
(1346, 'Islamic Values', '', '#6B7280', '2025-09-02 01:21:20'),
(1347, 'Global Issues', '', '#6B7280', '2025-09-02 01:21:46'),
(1348, 'International Cooperation', '', '#6B7280', '2025-09-02 01:21:52'),
(1349, 'COVID-19', '', '#6B7280', '2025-09-02 01:22:10');

-- --------------------------------------------------------

--
-- Table structure for table `resource_tag_relations`
--

CREATE TABLE `resource_tag_relations` (
  `resource_id` int NOT NULL,
  `tag_id` int NOT NULL
) ENGINE=InnoDB DEFAULT CHARSET=utf8mb4 COLLATE=utf8mb4_0900_ai_ci;

--
-- Dumping data for table `resource_tag_relations`
--

INSERT INTO `resource_tag_relations` (`resource_id`, `tag_id`) VALUES
(22, 951),
(23, 951),
(24, 951),
(27, 951),
(28, 951),
(29, 951),
(30, 951),
(31, 951),
(32, 951),
(33, 951),
(34, 951),
(36, 951),
(48, 951),
(49, 951),
(50, 951),
(51, 951),
(52, 951),
(53, 951),
(54, 951),
(55, 951),
(56, 951),
(57, 951),
(58, 951),
(59, 951),
(60, 951),
(61, 951),
(62, 951),
(63, 951),
(64, 951),
(65, 951),
(67, 951),
(68, 951),
(69, 951),
(70, 951),
(72, 951),
(73, 951),
(77, 951),
(78, 951),
(79, 951),
(80, 951),
(82, 951),
(83, 951),
(86, 951),
(87, 951),
(88, 951),
(89, 951),
(90, 951),
(91, 951),
(92, 951),
(93, 951),
(95, 951),
(96, 951),
(99, 951),
(100, 951),
(101, 951),
(102, 951),
(103, 951),
(104, 951),
(105, 951),
(106, 951),
(108, 951),
(22, 952),
(23, 952),
(27, 952),
(28, 952),
(29, 952),
(30, 952),
(31, 952),
(32, 952),
(33, 952),
(34, 952),
(36, 953),
(42, 953),
(43, 953),
(44, 953),
(45, 953),
(46, 953),
(47, 953),
(48, 953),
(49, 953),
(50, 953),
(57, 953),
(118, 953),
(51, 954),
(52, 954),
(53, 954),
(54, 954),
(55, 954),
(56, 954),
(58, 954),
(59, 954),
(67, 954),
(60, 955),
(61, 955),
(62, 955),
(63, 955),
(64, 955),
(65, 955),
(66, 955),
(67, 955),
(68, 955),
(69, 956),
(70, 956),
(71, 956),
(72, 956),
(73, 956),
(74, 956),
(75, 956),
(76, 956),
(77, 956),
(78, 957),
(79, 957),
(80, 957),
(82, 957),
(83, 957),
(84, 957),
(85, 957),
(86, 957),
(87, 957),
(88, 958),
(89, 958),
(90, 958),
(91, 958),
(92, 958),
(93, 958),
(94, 958),
(95, 958),
(96, 958),
(97, 958),
(98, 958),
(99, 959),
(100, 959),
(101, 959),
(102, 959),
(103, 959),
(104, 959),
(105, 959),
(106, 959),
(108, 959),
(109, 959),
(111, 959),
(112, 959),
(113, 959),
(114, 960),
(115, 960),
(116, 960),
(117, 960),
(118, 960),
(119, 960),
(120, 960),
(121, 960),
(122, 960),
(123, 960),
(124, 960),
(125, 960),
(126, 960),
(127, 960),
(128, 960),
(134, 960),
(131, 961),
(132, 961),
(133, 961),
(135, 961),
(136, 961),
(137, 961),
(138, 961),
(139, 961),
(140, 961),
(141, 961),
(142, 961),
(143, 961),
(144, 961),
(145, 961),
(146, 961),
(147, 961),
(148, 961),
(149, 961),
(150, 961),
(151, 961),
(152, 961),
(153, 962),
(154, 962),
(156, 962),
(157, 962),
(158, 962),
(159, 962),
(160, 962),
(161, 962),
(162, 962),
(163, 962),
(164, 962),
(165, 962),
(166, 962),
(167, 962),
(168, 962),
(169, 962),
(170, 962),
(171, 963),
(172, 963),
(173, 963),
(174, 963),
(175, 963),
(176, 963),
(177, 963),
(178, 963),
(179, 963),
(182, 963),
(187, 963),
(188, 963),
(189, 963),
(190, 963),
(192, 963),
(22, 964),
(23, 964),
(36, 964),
(42, 964),
(51, 964),
(52, 964),
(53, 964),
(60, 964),
(61, 964),
(62, 964),
(69, 964),
(70, 964),
(71, 964),
(78, 964),
(79, 964),
(80, 964),
(88, 964),
(89, 964),
(90, 964),
(99, 964),
(100, 964),
(101, 964),
(114, 964),
(115, 964),
(116, 964),
(117, 964),
(131, 964),
(132, 964),
(133, 964),
(135, 964),
(136, 964),
(153, 964),
(154, 964),
(156, 964),
(157, 964),
(158, 964),
(171, 964),
(172, 964),
(173, 964),
(174, 964),
(27, 965),
(28, 965),
(29, 965),
(43, 965),
(44, 965),
(45, 965),
(54, 965),
(55, 965),
(56, 965),
(63, 965),
(64, 965),
(65, 965),
(72, 965),
(73, 965),
(82, 965),
(83, 965),
(85, 965),
(91, 965),
(92, 965),
(102, 965),
(103, 965),
(119, 965),
(120, 965),
(121, 965),
(137, 965),
(138, 965),
(139, 965),
(140, 965),
(141, 965),
(159, 965),
(160, 965),
(161, 965),
(162, 965),
(175, 965),
(176, 965),
(177, 965),
(178, 965),
(31, 966),
(46, 966),
(47, 966),
(48, 966),
(57, 966),
(58, 966),
(59, 966),
(66, 966),
(68, 966),
(74, 966),
(75, 966),
(84, 966),
(93, 966),
(94, 966),
(104, 966),
(105, 966),
(122, 966),
(123, 966),
(124, 966),
(125, 966),
(142, 966),
(143, 966),
(144, 966),
(145, 966),
(146, 966),
(163, 966),
(164, 966),
(165, 966),
(166, 966),
(179, 966),
(182, 966),
(192, 966),
(32, 967),
(33, 967),
(34, 967),
(49, 967),
(50, 967),
(76, 967),
(77, 967),
(86, 967),
(87, 967),
(95, 967),
(96, 967),
(106, 967),
(108, 967),
(126, 967),
(127, 967),
(128, 967),
(134, 967),
(147, 967),
(148, 967),
(149, 967),
(150, 967),
(151, 967),
(152, 967),
(167, 967),
(168, 967),
(169, 967),
(170, 967),
(187, 967),
(188, 967),
(189, 967),
(190, 967),
(27, 968),
(28, 968),
(29, 968),
(55, 968),
(57, 968),
(58, 968),
(59, 968),
(60, 968),
(61, 968),
(62, 968),
(63, 968),
(64, 968),
(65, 968),
(66, 968),
(67, 968),
(68, 968),
(69, 968),
(70, 968),
(72, 968),
(75, 968),
(77, 968),
(82, 968),
(83, 968),
(87, 968),
(111, 968),
(114, 968),
(116, 968),
(22, 971),
(54, 973),
(76, 973),
(56, 974),
(61, 974),
(73, 974),
(76, 974),
(78, 974),
(115, 974),
(116, 974),
(118, 974),
(121, 974),
(122, 974),
(140, 974),
(54, 978),
(55, 979),
(55, 980),
(55, 981),
(87, 981),
(56, 982),
(56, 983),
(57, 984),
(62, 984),
(74, 984),
(93, 984),
(57, 985),
(74, 985),
(98, 985),
(57, 986),
(58, 987),
(58, 988),
(64, 988),
(71, 988),
(72, 988),
(75, 988),
(84, 988),
(85, 988),
(91, 988),
(97, 988),
(163, 988),
(188, 988),
(58, 989),
(84, 989),
(85, 989),
(59, 990),
(59, 991),
(59, 992),
(60, 993),
(71, 993),
(72, 993),
(84, 993),
(151, 993),
(60, 994),
(71, 994),
(73, 994),
(84, 994),
(187, 994),
(60, 995),
(68, 995),
(71, 995),
(73, 995),
(75, 995),
(88, 995),
(97, 995),
(151, 995),
(61, 996),
(62, 997),
(74, 997),
(78, 997),
(83, 997),
(88, 997),
(90, 997),
(106, 997),
(150, 997),
(62, 998),
(62, 999),
(63, 1000),
(63, 1001),
(63, 1002),
(131, 1002),
(63, 1003),
(64, 1004),
(65, 1004),
(125, 1004),
(188, 1004),
(64, 1005),
(95, 1005),
(96, 1005),
(109, 1005),
(64, 1006),
(86, 1006),
(95, 1006),
(96, 1006),
(65, 1007),
(86, 1007),
(87, 1007),
(95, 1007),
(96, 1007),
(105, 1007),
(108, 1007),
(111, 1007),
(112, 1007),
(128, 1007),
(154, 1007),
(156, 1007),
(157, 1007),
(158, 1007),
(161, 1007),
(163, 1007),
(65, 1008),
(77, 1008),
(86, 1008),
(87, 1008),
(92, 1008),
(95, 1008),
(96, 1008),
(104, 1008),
(105, 1008),
(121, 1008),
(125, 1008),
(127, 1008),
(134, 1008),
(162, 1008),
(163, 1008),
(65, 1009),
(92, 1009),
(96, 1009),
(105, 1009),
(108, 1009),
(111, 1009),
(112, 1009),
(162, 1009),
(66, 1010),
(113, 1010),
(66, 1011),
(67, 1011),
(77, 1011),
(87, 1011),
(104, 1011),
(105, 1011),
(113, 1011),
(117, 1011),
(125, 1011),
(161, 1011),
(190, 1011),
(67, 1012),
(94, 1012),
(98, 1012),
(67, 1013),
(96, 1013),
(112, 1013),
(68, 1014),
(68, 1015),
(75, 1015),
(111, 1015),
(69, 1016),
(72, 1016),
(75, 1016),
(69, 1017),
(74, 1017),
(138, 1017),
(69, 1018),
(70, 1018),
(69, 1019),
(70, 1019),
(69, 1020),
(69, 1021),
(70, 1021),
(71, 1021),
(72, 1021),
(73, 1021),
(74, 1021),
(75, 1021),
(78, 1021),
(79, 1021),
(80, 1021),
(82, 1021),
(83, 1021),
(84, 1021),
(85, 1021),
(88, 1021),
(89, 1021),
(90, 1021),
(92, 1021),
(99, 1021),
(100, 1021),
(101, 1021),
(102, 1021),
(103, 1021),
(104, 1021),
(139, 1021),
(140, 1021),
(70, 1022),
(70, 1023),
(70, 1024),
(71, 1025),
(71, 1026),
(72, 1027),
(140, 1027),
(72, 1028),
(140, 1028),
(72, 1029),
(72, 1030),
(73, 1031),
(74, 1031),
(84, 1031),
(141, 1031),
(73, 1032),
(175, 1032),
(74, 1033),
(102, 1033),
(139, 1033),
(75, 1034),
(76, 1035),
(76, 1036),
(77, 1037),
(87, 1037),
(141, 1037),
(152, 1037),
(78, 1038),
(78, 1039),
(89, 1039),
(78, 1040),
(93, 1040),
(106, 1040),
(79, 1041),
(97, 1041),
(144, 1041),
(151, 1041),
(79, 1042),
(80, 1043),
(80, 1044),
(80, 1045),
(80, 1046),
(82, 1047),
(82, 1048),
(93, 1048),
(82, 1049),
(85, 1049),
(83, 1050),
(83, 1051),
(83, 1052),
(83, 1053),
(85, 1054),
(85, 1055),
(176, 1055),
(187, 1055),
(86, 1056),
(86, 1057),
(127, 1057),
(165, 1057),
(86, 1058),
(104, 1058),
(127, 1058),
(165, 1058),
(87, 1059),
(88, 1060),
(91, 1060),
(131, 1060),
(88, 1061),
(147, 1062),
(88, 1063),
(147, 1063),
(88, 1064),
(88, 1065),
(89, 1066),
(149, 1066),
(89, 1067),
(149, 1067),
(89, 1068),
(89, 1069),
(90, 1070),
(99, 1070),
(150, 1070),
(90, 1071),
(90, 1072),
(90, 1073),
(90, 1074),
(90, 1075),
(90, 1076),
(90, 1077),
(91, 1078),
(156, 1078),
(157, 1078),
(158, 1078),
(91, 1079),
(126, 1079),
(91, 1080),
(91, 1081),
(92, 1082),
(122, 1082),
(159, 1082),
(160, 1082),
(161, 1082),
(92, 1083),
(93, 1084),
(93, 1085),
(106, 1085),
(93, 1086),
(94, 1087),
(94, 1088),
(94, 1089),
(95, 1089),
(109, 1089),
(94, 1090),
(94, 1091),
(94, 1092),
(109, 1092),
(94, 1093),
(94, 1094),
(94, 1095),
(95, 1096),
(95, 1097),
(120, 1097),
(127, 1097),
(165, 1097),
(95, 1098),
(96, 1099),
(108, 1099),
(96, 1100),
(114, 1100),
(97, 1101),
(98, 1101),
(109, 1101),
(111, 1101),
(97, 1102),
(98, 1103),
(113, 1103),
(98, 1104),
(98, 1105),
(98, 1106),
(98, 1107),
(99, 1108),
(179, 1108),
(99, 1109),
(99, 1110),
(99, 1111),
(99, 1112),
(99, 1113),
(99, 1114),
(100, 1114),
(100, 1115),
(100, 1116),
(100, 1117),
(100, 1118),
(100, 1119),
(102, 1119),
(101, 1120),
(192, 1120),
(101, 1121),
(101, 1122),
(192, 1122),
(101, 1123),
(101, 1124),
(101, 1125),
(182, 1125),
(102, 1126),
(102, 1127),
(102, 1128),
(102, 1129),
(102, 1130),
(102, 1131),
(103, 1132),
(103, 1134),
(103, 1135),
(103, 1136),
(103, 1137),
(182, 1137),
(103, 1138),
(182, 1138),
(103, 1139),
(103, 1140),
(103, 1141),
(182, 1141),
(103, 1142),
(103, 1143),
(103, 1144),
(104, 1145),
(123, 1145),
(190, 1145),
(104, 1146),
(123, 1146),
(104, 1147),
(104, 1148),
(122, 1148),
(104, 1149),
(105, 1150),
(108, 1150),
(125, 1150),
(166, 1150),
(106, 1151),
(106, 1152),
(108, 1153),
(109, 1154),
(109, 1155),
(109, 1156),
(187, 1156),
(188, 1156),
(189, 1156),
(111, 1157),
(111, 1158),
(166, 1158),
(112, 1159),
(113, 1159),
(112, 1160),
(190, 1160),
(112, 1161),
(117, 1161),
(112, 1162),
(112, 1163),
(113, 1164),
(113, 1165),
(113, 1166),
(114, 1167),
(114, 1168),
(114, 1169),
(114, 1170),
(114, 1171),
(115, 1171),
(120, 1171),
(115, 1172),
(115, 1173),
(115, 1174),
(116, 1175),
(116, 1176),
(116, 1177),
(116, 1178),
(123, 1178),
(128, 1178),
(117, 1179),
(122, 1179),
(117, 1180),
(119, 1180),
(122, 1180),
(123, 1180),
(118, 1181),
(118, 1182),
(119, 1183),
(119, 1184),
(119, 1185),
(119, 1186),
(119, 1187),
(120, 1188),
(120, 1189),
(120, 1190),
(121, 1191),
(121, 1192),
(121, 1193),
(121, 1194),
(122, 1195),
(123, 1196),
(123, 1197),
(134, 1197),
(125, 1198),
(125, 1199),
(126, 1200),
(167, 1200),
(126, 1201),
(167, 1201),
(126, 1202),
(168, 1203),
(168, 1204),
(152, 1206),
(153, 1208),
(128, 1209),
(134, 1210),
(134, 1211),
(131, 1213),
(131, 1214),
(132, 1215),
(132, 1216),
(133, 1217),
(133, 1218),
(133, 1219),
(133, 1220),
(133, 1221),
(135, 1222),
(135, 1223),
(135, 1224),
(136, 1225),
(137, 1226),
(137, 1227),
(137, 1228),
(137, 1229),
(173, 1229),
(175, 1229),
(138, 1230),
(139, 1231),
(139, 1232),
(141, 1233),
(141, 1234),
(141, 1235),
(141, 1236),
(142, 1237),
(142, 1238),
(142, 1239),
(142, 1240),
(142, 1241),
(143, 1242),
(143, 1243),
(143, 1244),
(143, 1245),
(144, 1246),
(146, 1246),
(145, 1247),
(145, 1248),
(145, 1249),
(145, 1250),
(146, 1251),
(179, 1251),
(146, 1252),
(146, 1253),
(147, 1254),
(147, 1255),
(148, 1256),
(148, 1257),
(148, 1258),
(148, 1259),
(149, 1260),
(149, 1261),
(149, 1262),
(150, 1263),
(151, 1264),
(151, 1265),
(152, 1266),
(164, 1267),
(152, 1268),
(152, 1269),
(153, 1270),
(154, 1270),
(153, 1271),
(154, 1271),
(153, 1272),
(154, 1272),
(153, 1273),
(154, 1273),
(157, 1274),
(156, 1275),
(157, 1275),
(156, 1277),
(159, 1277),
(157, 1278),
(157, 1279),
(157, 1280),
(158, 1281),
(158, 1282),
(158, 1283),
(159, 1284),
(160, 1285),
(178, 1285),
(160, 1286),
(160, 1287),
(189, 1287),
(161, 1288),
(161, 1289),
(162, 1290),
(162, 1291),
(162, 1292),
(163, 1293),
(164, 1294),
(188, 1294),
(164, 1295),
(165, 1296),
(169, 1297),
(170, 1297),
(170, 1298),
(171, 1299),
(171, 1300),
(172, 1301),
(172, 1302),
(172, 1303),
(172, 1304),
(172, 1305),
(173, 1306),
(173, 1307),
(173, 1308),
(174, 1309),
(174, 1310),
(174, 1311),
(174, 1312),
(174, 1313),
(174, 1314),
(175, 1315),
(187, 1315),
(175, 1316),
(175, 1317),
(176, 1318),
(176, 1319),
(176, 1320),
(177, 1321),
(178, 1321),
(177, 1322),
(177, 1323),
(177, 1324),
(177, 1325),
(178, 1326),
(178, 1327),
(178, 1328),
(179, 1329),
(179, 1330),
(192, 1330),
(192, 1331),
(192, 1332),
(182, 1334),
(182, 1335),
(127, 1341),
(188, 1342),
(188, 1343),
(189, 1344),
(189, 1345),
(189, 1346),
(190, 1347),
(190, 1348),
(190, 1349);

-- --------------------------------------------------------

--
-- Table structure for table `resource_types`
--

CREATE TABLE `resource_types` (
  `type_id` int NOT NULL,
  `type_name` varchar(50) NOT NULL,
  `description` text,
  `allowed_extensions` text,
  `max_file_size` int DEFAULT '104857600',
  `icon` varchar(50) DEFAULT 'document',
  `created_at` datetime DEFAULT CURRENT_TIMESTAMP
) ENGINE=InnoDB DEFAULT CHARSET=utf8mb4 COLLATE=utf8mb4_0900_ai_ci;

--
-- Dumping data for table `resource_types`
--

INSERT INTO `resource_types` (`type_id`, `type_name`, `description`, `allowed_extensions`, `max_file_size`, `icon`, `created_at`) VALUES
(365, 'Document', 'Document files', 'pdf,doc,docx,txt', 104857600, 'document', '2025-08-20 05:25:06'),
(366, 'Presentation', 'Presentation files', 'ppt,pptx,key', 104857600, 'presentation', '2025-08-20 05:25:06'),
(367, 'Video', 'Video files', 'mp4,avi,mov,wmv,flv', 524288000, 'video', '2025-08-20 05:25:06'),
(368, 'Image', 'Image files', 'jpg,jpeg,png,gif,bmp', 52428800, 'image', '2025-08-20 05:25:06'),
(369, 'Archive', 'Archive files', 'zip,rar,7z,tar,gz', 104857600, 'archive', '2025-08-20 05:25:06'),
(370, 'Spreadsheet', 'Spreadsheet files', 'xls,xlsx,csv', 104857600, 'spreadsheet', '2025-08-20 05:25:06'),
(371, 'Audio', 'Audio files', 'mp3,wav,ogg,aac', 104857600, 'audio', '2025-08-20 05:25:06');

-- --------------------------------------------------------

--
-- Table structure for table `resource_versions`
--

CREATE TABLE `resource_versions` (
  `version_id` int NOT NULL,
  `resource_id` int NOT NULL,
  `version_number` varchar(20) NOT NULL,
  `file_path` varchar(500) NOT NULL,
  `file_name` varchar(255) NOT NULL,
  `file_size` bigint NOT NULL,
  `change_log` text,
  `created_by` int NOT NULL,
  `created_at` datetime DEFAULT CURRENT_TIMESTAMP
) ENGINE=InnoDB DEFAULT CHARSET=utf8mb4 COLLATE=utf8mb4_0900_ai_ci;

-- --------------------------------------------------------

--
-- Table structure for table `resource_views`
--

CREATE TABLE `resource_views` (
  `view_id` int NOT NULL,
  `resource_id` int NOT NULL,
  `user_id` int DEFAULT NULL,
  `ip_address` varchar(45) DEFAULT NULL,
  `user_agent` text,
  `viewed_at` datetime DEFAULT CURRENT_TIMESTAMP
) ENGINE=InnoDB DEFAULT CHARSET=utf8mb4 COLLATE=utf8mb4_0900_ai_ci;

-- --------------------------------------------------------

--
-- Table structure for table `subjects`
--

CREATE TABLE `subjects` (
  `subject_id` int NOT NULL,
  `subject_name` varchar(100) NOT NULL,
  `description` text,
  `color` varchar(7) DEFAULT '#3B82F6',
  `created_at` datetime DEFAULT CURRENT_TIMESTAMP
) ENGINE=InnoDB DEFAULT CHARSET=utf8mb4 COLLATE=utf8mb4_0900_ai_ci;

--
-- Dumping data for table `subjects`
--

INSERT INTO `subjects` (`subject_id`, `subject_name`, `description`, `color`, `created_at`) VALUES
(434, 'ICT', '<p>ICT</p>', '#3B82F6', '2025-08-20 22:26:32'),
(435, 'Pre-K', '', '#3B82F6', '2025-08-28 07:11:12'),
(436, 'Social Science', '', '#3B82F6', '2025-08-29 06:24:27');

-- --------------------------------------------------------

--
-- Table structure for table `subject_resource_distribution`
--

CREATE TABLE `subject_resource_distribution` (
  `color` varchar(7) COLLATE utf8mb4_unicode_ci DEFAULT NULL,
  `draft_resources` bigint DEFAULT NULL,
  `featured_resources` bigint DEFAULT NULL,
  `published_resources` bigint DEFAULT NULL,
  `subject_id` int DEFAULT NULL,
  `subject_name` varchar(100) COLLATE utf8mb4_unicode_ci DEFAULT NULL,
  `total_downloads` decimal(32,0) DEFAULT NULL,
  `total_likes` decimal(32,0) DEFAULT NULL,
  `total_resources` bigint DEFAULT NULL,
  `total_views` decimal(32,0) DEFAULT NULL
) ENGINE=InnoDB DEFAULT CHARSET=utf8mb4 COLLATE=utf8mb4_unicode_ci;

-- --------------------------------------------------------

--
-- Table structure for table `users`
--

CREATE TABLE `users` (
  `user_id` int NOT NULL,
  `name` varchar(100) NOT NULL,
  `email` varchar(100) NOT NULL,
  `password` varchar(255) NOT NULL,
  `role` enum('admin','school') DEFAULT 'school',
  `status` enum('active','inactive','banned') DEFAULT 'active',
  `organization` varchar(255) DEFAULT NULL,
  `designation` varchar(255) DEFAULT NULL,
  `phone` varchar(20) DEFAULT NULL,
  `address` text,
  `created_at` datetime DEFAULT CURRENT_TIMESTAMP,
  `updated_at` datetime DEFAULT CURRENT_TIMESTAMP ON UPDATE CURRENT_TIMESTAMP
) ENGINE=InnoDB DEFAULT CHARSET=utf8mb4 COLLATE=utf8mb4_0900_ai_ci;

--
-- Dumping data for table `users`
--

INSERT INTO `users` (`user_id`, `name`, `email`, `password`, `role`, `status`, `organization`, `designation`, `phone`, `address`, `created_at`, `updated_at`) VALUES
(1, 'System Admin', 'admin@resources.com', '$2a$12$s/3mYdNwlWknc2QJJtOfEOTXjH5PRTDf8Vl9ivVjbklYa0OqZ1yNm', 'admin', 'active', 'System', 'Administrator', '', '', '2025-08-19 14:30:40', '2025-08-24 22:48:12'),
(57, 'System Admin', 'info@bylinelearning.com', '$2a$12$AE7l6GAAxdmLyKEHaZDL8e5YDTPDHnTdCqU/jd0Ns055rPX82QolW', 'admin', 'active', 'System', 'Administrator', NULL, NULL, '2025-08-20 06:05:48', '2025-08-20 06:05:48'),
(61, 'School one', 'school@school.com', '$2a$12$psQy7r/AAcSwukAloDezmu0EpKWBvXHpBnZV4Gjxo1UEcbm82gUmi', 'school', 'active', 'School One', '', '', '', '2025-08-20 15:01:05', '2025-08-26 14:59:24'),
(160, 'test', 'info1@bylinelearning.com', '$2a$12$OUNFmgfi1j61zr/dgybGGOr4iRqDRT8r0pOTu/hLLXe68HMr0wQ/e', 'school', 'active', 'test001', 'for everyone', '+966 50 123 4567', 'test', '2025-09-02 03:32:14', '2025-09-02 03:32:14'),
(161, 'test', 'test@gmail.com', '$2a$12$sakffmXgwSyV0lqvleUopueMdq0l0sQXMHFaEK1mMy1/Jp1zE1Q12', 'school', 'active', 'test0001', 'for everyone', '9090909090', 'test', '2025-09-02 04:02:59', '2025-09-02 04:02:59'),
(171, 'test1', 'test1@gmail.com', '$2a$12$3G6XWgZYr.4BlCUUt2jKyel2Is2ClSHEezT3F/I8G6lDmNCPDVN3S', 'school', 'active', 'sdf', 'sdf', '', 'sdf', '2025-09-03 01:38:34', '2025-09-03 01:38:34'),
(174, 'fghvb', 'admdfgin@resources.com', '$2a$12$QCDU5Wgb097VePAaAsCP8uQ6C.q8mVU5RR3rLX1BZWXl33QONPZKG', 'school', 'active', 'dfg', '', '', '', '2025-09-03 03:06:37', '2025-09-03 03:06:37'),
(229, 'Shweta Sharma', 'shweta@kodeit.com', '$2a$12$J1zBd9v8AnSThvmSYvW.OONiNYsBUI35T48rlGkMnxvX8mEsvKCpu', 'school', 'active', 'KODEIT Social Science', 'Coordinator', '', 'UAE', '2025-09-30 06:57:10', '2025-09-30 06:57:10');

-- --------------------------------------------------------

--
-- Table structure for table `user_activity_summary`
--

CREATE TABLE `user_activity_summary` (
  `comments_made` bigint DEFAULT NULL,
  `email` varchar(100) COLLATE utf8mb4_unicode_ci DEFAULT NULL,
  `last_downloaded` datetime DEFAULT NULL,
  `last_viewed` datetime DEFAULT NULL,
  `name` varchar(100) COLLATE utf8mb4_unicode_ci DEFAULT NULL,
  `resources_created` bigint DEFAULT NULL,
  `resources_downloaded` bigint DEFAULT NULL,
  `resources_liked` bigint DEFAULT NULL,
  `resources_viewed` bigint DEFAULT NULL,
  `role` enum('admin','school') COLLATE utf8mb4_unicode_ci DEFAULT NULL,
  `user_id` int DEFAULT NULL
) ENGINE=InnoDB DEFAULT CHARSET=utf8mb4 COLLATE=utf8mb4_unicode_ci;

--
-- Indexes for dumped tables
--

--
-- Indexes for table `activity_logs`
--
ALTER TABLE `activity_logs`
  ADD PRIMARY KEY (`log_id`),
  ADD KEY `user_id` (`user_id`),
  ADD KEY `resource_id` (`resource_id`),
  ADD KEY `action` (`action`),
  ADD KEY `created_at` (`created_at`);

--
-- Indexes for table `grades`
--
ALTER TABLE `grades`
  ADD PRIMARY KEY (`grade_id`),
  ADD UNIQUE KEY `grade_number` (`grade_number`);

--
-- Indexes for table `notifications`
--
ALTER TABLE `notifications`
  ADD PRIMARY KEY (`notification_id`),
  ADD KEY `user_id` (`user_id`),
  ADD KEY `resource_id` (`resource_id`),
  ADD KEY `is_read` (`is_read`);

--
-- Indexes for table `resources`
--
ALTER TABLE `resources`
  ADD PRIMARY KEY (`resource_id`),
  ADD KEY `type_id` (`type_id`),
  ADD KEY `subject_id` (`subject_id`),
  ADD KEY `grade_id` (`grade_id`),
  ADD KEY `created_by` (`created_by`),
  ADD KEY `status` (`status`),
  ADD KEY `is_featured` (`is_featured`),
  ADD KEY `idx_resources_display_order` (`display_order`),
  ADD KEY `idx_resources_grade_display_order` (`grade_id`,`display_order`);

--
-- Indexes for table `resource_comments`
--
ALTER TABLE `resource_comments`
  ADD PRIMARY KEY (`comment_id`),
  ADD KEY `resource_id` (`resource_id`),
  ADD KEY `user_id` (`user_id`),
  ADD KEY `parent_comment_id` (`parent_comment_id`);

--
-- Indexes for table `resource_downloads`
--
ALTER TABLE `resource_downloads`
  ADD PRIMARY KEY (`download_id`),
  ADD KEY `resource_id` (`resource_id`),
  ADD KEY `user_id` (`user_id`),
  ADD KEY `version_id` (`version_id`);

--
-- Indexes for table `resource_likes`
--
ALTER TABLE `resource_likes`
  ADD PRIMARY KEY (`resource_id`,`user_id`),
  ADD KEY `user_id` (`user_id`);

--
-- Indexes for table `resource_permissions`
--
ALTER TABLE `resource_permissions`
  ADD PRIMARY KEY (`user_id`,`resource_id`),
  ADD KEY `resource_id` (`resource_id`);

--
-- Indexes for table `resource_reviews`
--
ALTER TABLE `resource_reviews`
  ADD PRIMARY KEY (`review_id`),
  ADD KEY `resource_id` (`resource_id`),
  ADD KEY `reviewer_id` (`reviewer_id`),
  ADD KEY `reviewed_by` (`reviewed_by`);

--
-- Indexes for table `resource_tags`
--
ALTER TABLE `resource_tags`
  ADD PRIMARY KEY (`tag_id`),
  ADD UNIQUE KEY `tag_name` (`tag_name`);

--
-- Indexes for table `resource_tag_relations`
--
ALTER TABLE `resource_tag_relations`
  ADD PRIMARY KEY (`resource_id`,`tag_id`),
  ADD KEY `tag_id` (`tag_id`);

--
-- Indexes for table `resource_types`
--
ALTER TABLE `resource_types`
  ADD PRIMARY KEY (`type_id`),
  ADD UNIQUE KEY `type_name` (`type_name`);

--
-- Indexes for table `resource_versions`
--
ALTER TABLE `resource_versions`
  ADD PRIMARY KEY (`version_id`),
  ADD KEY `resource_id` (`resource_id`),
  ADD KEY `created_by` (`created_by`);

--
-- Indexes for table `resource_views`
--
ALTER TABLE `resource_views`
  ADD PRIMARY KEY (`view_id`),
  ADD KEY `resource_id` (`resource_id`),
  ADD KEY `user_id` (`user_id`),
  ADD KEY `viewed_at` (`viewed_at`);

--
-- Indexes for table `subjects`
--
ALTER TABLE `subjects`
  ADD PRIMARY KEY (`subject_id`),
  ADD UNIQUE KEY `subject_name` (`subject_name`);

--
-- Indexes for table `users`
--
ALTER TABLE `users`
  ADD PRIMARY KEY (`user_id`),
  ADD UNIQUE KEY `email` (`email`);

--
-- AUTO_INCREMENT for dumped tables
--

--
-- AUTO_INCREMENT for table `activity_logs`
--
ALTER TABLE `activity_logs`
  MODIFY `log_id` int NOT NULL AUTO_INCREMENT, AUTO_INCREMENT=503;

--
-- AUTO_INCREMENT for table `grades`
--
ALTER TABLE `grades`
  MODIFY `grade_id` int NOT NULL AUTO_INCREMENT, AUTO_INCREMENT=663;

--
-- AUTO_INCREMENT for table `notifications`
--
ALTER TABLE `notifications`
  MODIFY `notification_id` int NOT NULL AUTO_INCREMENT;

--
-- AUTO_INCREMENT for table `resources`
--
ALTER TABLE `resources`
  MODIFY `resource_id` int NOT NULL AUTO_INCREMENT, AUTO_INCREMENT=194;

--
-- AUTO_INCREMENT for table `resource_comments`
--
ALTER TABLE `resource_comments`
  MODIFY `comment_id` int NOT NULL AUTO_INCREMENT;

--
-- AUTO_INCREMENT for table `resource_downloads`
--
ALTER TABLE `resource_downloads`
  MODIFY `download_id` int NOT NULL AUTO_INCREMENT, AUTO_INCREMENT=56;

--
-- AUTO_INCREMENT for table `resource_reviews`
--
ALTER TABLE `resource_reviews`
  MODIFY `review_id` int NOT NULL AUTO_INCREMENT;

--
-- AUTO_INCREMENT for table `resource_tags`
--
ALTER TABLE `resource_tags`
  MODIFY `tag_id` int NOT NULL AUTO_INCREMENT, AUTO_INCREMENT=1350;

--
-- AUTO_INCREMENT for table `resource_types`
--
ALTER TABLE `resource_types`
  MODIFY `type_id` int NOT NULL AUTO_INCREMENT, AUTO_INCREMENT=379;

--
-- AUTO_INCREMENT for table `resource_versions`
--
ALTER TABLE `resource_versions`
  MODIFY `version_id` int NOT NULL AUTO_INCREMENT;

--
-- AUTO_INCREMENT for table `resource_views`
--
ALTER TABLE `resource_views`
  MODIFY `view_id` int NOT NULL AUTO_INCREMENT;

--
-- AUTO_INCREMENT for table `subjects`
--
ALTER TABLE `subjects`
  MODIFY `subject_id` int NOT NULL AUTO_INCREMENT, AUTO_INCREMENT=437;

--
-- AUTO_INCREMENT for table `users`
--
ALTER TABLE `users`
  MODIFY `user_id` int NOT NULL AUTO_INCREMENT, AUTO_INCREMENT=232;

--
-- Constraints for dumped tables
--

--
-- Constraints for table `activity_logs`
--
ALTER TABLE `activity_logs`
  ADD CONSTRAINT `fk_logs_resource` FOREIGN KEY (`resource_id`) REFERENCES `resources` (`resource_id`) ON DELETE SET NULL,
  ADD CONSTRAINT `fk_logs_user` FOREIGN KEY (`user_id`) REFERENCES `users` (`user_id`) ON DELETE SET NULL;

--
-- Constraints for table `notifications`
--
ALTER TABLE `notifications`
  ADD CONSTRAINT `fk_notifications_resource` FOREIGN KEY (`resource_id`) REFERENCES `resources` (`resource_id`) ON DELETE SET NULL,
  ADD CONSTRAINT `fk_notifications_user` FOREIGN KEY (`user_id`) REFERENCES `users` (`user_id`) ON DELETE CASCADE;

--
-- Constraints for table `resources`
--
ALTER TABLE `resources`
  ADD CONSTRAINT `fk_resources_grade` FOREIGN KEY (`grade_id`) REFERENCES `grades` (`grade_id`) ON DELETE RESTRICT,
  ADD CONSTRAINT `fk_resources_subject` FOREIGN KEY (`subject_id`) REFERENCES `subjects` (`subject_id`) ON DELETE RESTRICT,
  ADD CONSTRAINT `fk_resources_type` FOREIGN KEY (`type_id`) REFERENCES `resource_types` (`type_id`) ON DELETE RESTRICT,
  ADD CONSTRAINT `fk_resources_user` FOREIGN KEY (`created_by`) REFERENCES `users` (`user_id`) ON DELETE RESTRICT;

--
-- Constraints for table `resource_comments`
--
ALTER TABLE `resource_comments`
  ADD CONSTRAINT `fk_comments_parent` FOREIGN KEY (`parent_comment_id`) REFERENCES `resource_comments` (`comment_id`) ON DELETE CASCADE,
  ADD CONSTRAINT `fk_comments_resource` FOREIGN KEY (`resource_id`) REFERENCES `resources` (`resource_id`) ON DELETE CASCADE,
  ADD CONSTRAINT `fk_comments_user` FOREIGN KEY (`user_id`) REFERENCES `users` (`user_id`) ON DELETE CASCADE;

--
-- Constraints for table `resource_downloads`
--
ALTER TABLE `resource_downloads`
  ADD CONSTRAINT `fk_downloads_resource` FOREIGN KEY (`resource_id`) REFERENCES `resources` (`resource_id`) ON DELETE CASCADE,
  ADD CONSTRAINT `fk_downloads_user` FOREIGN KEY (`user_id`) REFERENCES `users` (`user_id`) ON DELETE SET NULL,
  ADD CONSTRAINT `fk_downloads_version` FOREIGN KEY (`version_id`) REFERENCES `resource_versions` (`version_id`) ON DELETE SET NULL;

--
-- Constraints for table `resource_likes`
--
ALTER TABLE `resource_likes`
  ADD CONSTRAINT `fk_likes_resource` FOREIGN KEY (`resource_id`) REFERENCES `resources` (`resource_id`) ON DELETE CASCADE,
  ADD CONSTRAINT `fk_likes_user` FOREIGN KEY (`user_id`) REFERENCES `users` (`user_id`) ON DELETE CASCADE;

--
-- Constraints for table `resource_permissions`
--
ALTER TABLE `resource_permissions`
  ADD CONSTRAINT `fk_permissions_resource` FOREIGN KEY (`resource_id`) REFERENCES `resources` (`resource_id`) ON DELETE CASCADE,
  ADD CONSTRAINT `fk_permissions_user` FOREIGN KEY (`user_id`) REFERENCES `users` (`user_id`) ON DELETE CASCADE;

--
-- Constraints for table `resource_reviews`
--
ALTER TABLE `resource_reviews`
  ADD CONSTRAINT `fk_reviews_resource` FOREIGN KEY (`resource_id`) REFERENCES `resources` (`resource_id`) ON DELETE CASCADE,
  ADD CONSTRAINT `fk_reviews_reviewed_by` FOREIGN KEY (`reviewed_by`) REFERENCES `users` (`user_id`) ON DELETE SET NULL,
  ADD CONSTRAINT `fk_reviews_reviewer` FOREIGN KEY (`reviewer_id`) REFERENCES `users` (`user_id`) ON DELETE CASCADE;

--
-- Constraints for table `resource_tag_relations`
--
ALTER TABLE `resource_tag_relations`
  ADD CONSTRAINT `fk_rt_relations_resource` FOREIGN KEY (`resource_id`) REFERENCES `resources` (`resource_id`) ON DELETE CASCADE,
  ADD CONSTRAINT `fk_rt_relations_tag` FOREIGN KEY (`tag_id`) REFERENCES `resource_tags` (`tag_id`) ON DELETE CASCADE;

--
-- Constraints for table `resource_versions`
--
ALTER TABLE `resource_versions`
  ADD CONSTRAINT `fk_versions_resource` FOREIGN KEY (`resource_id`) REFERENCES `resources` (`resource_id`) ON DELETE CASCADE,
  ADD CONSTRAINT `fk_versions_user` FOREIGN KEY (`created_by`) REFERENCES `users` (`user_id`) ON DELETE RESTRICT;

--
-- Constraints for table `resource_views`
--
ALTER TABLE `resource_views`
  ADD CONSTRAINT `fk_views_resource` FOREIGN KEY (`resource_id`) REFERENCES `resources` (`resource_id`) ON DELETE CASCADE,
  ADD CONSTRAINT `fk_views_user` FOREIGN KEY (`user_id`) REFERENCES `users` (`user_id`) ON DELETE SET NULL;
COMMIT;

/*!40101 SET CHARACTER_SET_CLIENT=@OLD_CHARACTER_SET_CLIENT */;
/*!40101 SET CHARACTER_SET_RESULTS=@OLD_CHARACTER_SET_RESULTS */;
/*!40101 SET COLLATION_CONNECTION=@OLD_COLLATION_CONNECTION */;
